contract_award_unique_key,award_id_piid,total_obligated_amount,current_total_value_of_award,award_base_action_date,award_base_action_date_fiscal_year,awarding_agency_name,awarding_sub_agency_name,recipient_uei,recipient_name,recipient_parent_name,primary_place_of_performance_county_name,primary_place_of_performance_state_code,primary_place_of_performance_state_name,award_type,prime_award_base_transaction_description,naics_code,naics_description,extent_competed,type_of_set_aside,number_of_offers_received,is_drone_related,recipient_parent_name_clean
CONT_AWD_FA238325CB001_9700_-NONE-_-NONE-,FA238325CB001,3247790.18,3251490.18,2024-12-04,2025,Department of Defense,Department of the Air Force,SMDANQJ3BCK8,"VENETIC, INC","VENETIC, INC",MIAMI-DADE,FL,FLORIDA,DEFINITIVE CONTRACT,"THIS REQUIREMENT IS TO PROCURE, INSTALL, INTEGRATE, AND TEST ONE (1) AN/ TPS-70 NEXT GENERATION TRANSMITTER (NGTX) MODERNIZATION KIT FOR THE RADAR LOCATED AT THE CACOM-2 RADAR SITE IN SAN JOSE DEL GUAVIARE, COLOMBIA.",334511,"SEARCH, DETECTION, NAVIGATION, GUIDANCE, AERONAUTICAL, AND NAUTICAL SYSTEM AND INSTRUMENT MANUFACTURING",NOT AVAILABLE FOR COMPETITION,NO SET ASIDE USED.,1.0,True,"VENETIC, INC"
CONT_AWD_FA480923P0106_9700_-NONE-_-NONE-,FA480923P0106,292471.22,292471.22,2023-09-07,2023,Department of Defense,Department of the Air Force,GJMSFBCNMSK3,"ATLANTIC DIVING SUPPLY, INC.","ADS TACTICAL, INC.",VIRGINIA BEACH CITY,VA,VIRGINIA,PURCHASE ORDER,THIS REQUIREMENT IS TO PURCHASE DRONES WITH TRAINING.,336411,AIRCRAFT MANUFACTURING,COMPETED UNDER SAP,SMALL BUSINESS SET ASIDE - TOTAL,2.0,True,"ADS TACTICAL, INC"
CONT_AWD_FA480924P0014_9700_-NONE-_-NONE-,FA480924P0014,384175.21,384175.21,2024-01-18,2024,Department of Defense,Department of the Air Force,UCRNZHB4M4X9,KINETIC CONCEPTS LLC,KINETIC CONCEPTS LLC,HYDE,NC,NORTH CAROLINA,PURCHASE ORDER,COUNTER UAS TRAINING FOR F-15,336411,AIRCRAFT MANUFACTURING,NOT COMPETED UNDER SAP,8(A) SOLE SOURCE,1.0,True,KINETIC CONCEPTS LLC
CONT_AWD_FA483023P0025_9700_-NONE-_-NONE-,FA483023P0025,356690.96,356690.96,2023-05-01,2023,Department of Defense,Department of the Air Force,GJMSFBCNMSK3,"ATLANTIC DIVING SUPPLY, INC.","ADS TACTICAL, INC.",VIRGINIA BEACH CITY,VA,VIRGINIA,PURCHASE ORDER,"SKYDIO SUAS STARTER KITS, ACCESSORIES AND TRAINING",336411,AIRCRAFT MANUFACTURING,COMPETED UNDER SAP,SMALL BUSINESS SET ASIDE - TOTAL,4.0,True,"ADS TACTICAL, INC"
CONT_AWD_FA486124P0086_9700_-NONE-_-NONE-,FA486124P0086,1980559.78,1980559.78,2024-06-11,2024,Department of Defense,Department of the Air Force,MFGHL1LNJ6L4,KESTRELX LLC,KESTRELX LLC,CLARK,NV,NEVADA,PURCHASE ORDER,MANNED AIRBORNE PLATFORM TO OPERATE AS AN UNMANNED AIRCRAFT VEHICLE (UAV) AND CRUISE MISSILE TO PROVIDE THE UNITED STATES GOVERNMENT (USG) WITH A COST-EFFECTIVE TRAINING TOOL. FLIGHTS CAN INCLUDE SUPPORTING TWO TO GREATER NUMBER OF MANNED AIRCRAFTS.,336411,AIRCRAFT MANUFACTURING,FULL AND OPEN COMPETITION AFTER EXCLUSION OF SOURCES,SMALL BUSINESS SET ASIDE - TOTAL,1.0,True,KESTRELX LLC
CONT_AWD_FA489022F0019_9700_FA489018D0010_9700,FA489022F0019,3083090.81,3083090.81,2022-03-09,2022,Department of Defense,Department of the Air Force,YJG1MDHLBC88,"AEROVIRONMENT, INC.","AEROVIRONMENT, INC.",,,,DELIVERY ORDER,"ECUADOR MARITIME INTERDICTION - RAVEN UAS EQUIPMENT, TRAINING, AND LOGISTICS SUPPORT",336411,AIRCRAFT MANUFACTURING,NOT COMPETED,,,True,"AEROVIRONMENT, INC"
CONT_AWD_FA489023F0039_9700_FA489018D0010_9700,FA489023F0039,3204624.04,3204624.04,2023-03-29,2023,Department of Defense,Department of the Air Force,YJG1MDHLBC88,"AEROVIRONMENT, INC.","AEROVIRONMENT, INC.",,,,DELIVERY ORDER,"FY22 TRANCHE 2 EL SALVADOR CIDT TRAINING AND SUPT - RAVEN UAS EQUIPMENT, TRAINING, AND LOGISTICS SUPPORT",336411,AIRCRAFT MANUFACTURING,NOT COMPETED,,,True,"AEROVIRONMENT, INC"
CONT_AWD_FA491324P0020_9700_-NONE-_-NONE-,FA491324P0020,257583.2,257583.2,2024-07-31,2024,Department of Defense,Department of the Air Force,UDS8J41UURC6,TITAN DYNAMICS INC,TITAN DYNAMICS INC,,,,PURCHASE ORDER,SUAS SOFTWARE LICENSES FOR AFCENT TF 99,334511,"SEARCH, DETECTION, NAVIGATION, GUIDANCE, AERONAUTICAL, AND NAUTICAL SYSTEM AND INSTRUMENT MANUFACTURING",NOT COMPETED,NO SET ASIDE USED.,1.0,True,TITAN DYNAMICS INC
CONT_AWD_FA491324P0025_9700_-NONE-_-NONE-,FA491324P0025,338800.0,338800.0,2024-09-23,2024,Department of Defense,Department of the Air Force,R5NWZ87HPLX4,GPC CONSOLIDATED REPORTING,GPC CONSOLIDATED REPORTING,,,,PURCHASE ORDER,10X TIGUAR DRONES AND TRANSPORT CASES FOR TASK FORCE 99,334511,"SEARCH, DETECTION, NAVIGATION, GUIDANCE, AERONAUTICAL, AND NAUTICAL SYSTEM AND INSTRUMENT MANUFACTURING",COMPETED UNDER SAP,NO SET ASIDE USED.,17.0,True,GPC CONSOLIDATED REPORTING
CONT_AWD_FA491325P0006_9700_-NONE-_-NONE-,FA491325P0006,1235800.0,1235800.0,2025-07-02,2025,Department of Defense,Department of the Air Force,XDZYRNQZF9L6,UAVIONICS TECHNOLOGIES SP. Z O.O.,UAVIONICS TECHNOLOGIES SP. Z O.O.,,,,PURCHASE ORDER,"S-610 TIGUAR XL UNMANNED AERIAL VEHICLE TO INCLUDE AIRFRAME, SERVOS, AUTOPILOT, POWER SUPPLIES, BATTERIES, ENGINE, FUEL TANK. READY TO FLY. DOES NOT INCLUDE DATA LINK RADIO.",336411,AIRCRAFT MANUFACTURING,NOT COMPETED,NO SET ASIDE USED.,1.0,True,UAVIONICS TECHNOLOGIES SP. Z O.O
CONT_AWD_FA500424P0021_9700_-NONE-_-NONE-,FA500424P0021,1900000.0,1900000.0,2024-08-30,2024,Department of Defense,Department of the Air Force,CFMHAEJVU8H1,FLIGHTWAVE AEROSPACE SYSTEMS CORPORATION,FLIGHTWAVE AEROSPACE SYSTEMS CORPORATION,LOS ANGELES,CA,CALIFORNIA,PURCHASE ORDER,FLIGHTWAVE EDGE-130 VTOL UAS TACFI,336411,AIRCRAFT MANUFACTURING,FULL AND OPEN COMPETITION AFTER EXCLUSION OF SOURCES,SMALL BUSINESS SET ASIDE - TOTAL,1.0,True,FLIGHTWAVE AEROSPACE SYSTEMS CORPORATION
CONT_AWD_FA701424P0039_9700_-NONE-_-NONE-,FA701424P0039,612283.0,612283.0,2024-09-13,2024,Department of Defense,Department of the Air Force,LTBJCLHYL5S9,"SKYDIO, INC","SKYDIO, INC",DISTRICT OF COLUMBIA,DC,DISTRICT OF COLUMBIA,PURCHASE ORDER,THE AIR FORCE STRATEGIC STUDIES GROUP (SSG) IS PURCHASING 20 SMALL UNMANNED AIRCRAFT SYSTEMS SUAS (DRONES) TO FACILITATE AIRMAN FIELD TRAINING EXERCISES AT VARIOUS USAF BASES.,336411,AIRCRAFT MANUFACTURING,COMPETED UNDER SAP,SMALL BUSINESS SET ASIDE - TOTAL,7.0,True,"SKYDIO, INC"
CONT_AWD_FA852722F0055_9700_FA852719D0034_9700,FA852722F0055,1327917.0,1327917.0,2022-08-26,2022,Department of Defense,Defense Contract Management Agency,JEGFV3LWEJH7,"L3HARRIS TECHNOLOGIES, INC.","L3HARRIS TECHNOLOGIES, INC.",ONEIDA,NY,NEW YORK,DELIVERY ORDER,ENTERPRISE IMAGE QUALITY VERIFICATION PROGRAM (EIQVP)   GLOBAL HAWK,334511,"SEARCH, DETECTION, NAVIGATION, GUIDANCE, AERONAUTICAL, AND NAUTICAL SYSTEM AND INSTRUMENT MANUFACTURING",NOT COMPETED,,,True,"L3HARRIS TECHNOLOGIES, INC"
CONT_AWD_FA852724F0038_9700_FA852724D0034_9700,FA852724F0038,2273069.88,2273069.88,2024-08-08,2024,Department of Defense,Department of the Air Force,JEGFV3LWEJH7,"L3HARRIS TECHNOLOGIES, INC.","L3HARRIS TECHNOLOGIES, INC",MONROE,NY,NEW YORK,DELIVERY ORDER,ENTERPRISE IMAGE QUALITY VERIFICATION PROGRAM (EIQVP) GLOBAL HAWK,334511,"SEARCH, DETECTION, NAVIGATION, GUIDANCE, AERONAUTICAL, AND NAUTICAL SYSTEM AND INSTRUMENT MANUFACTURING",NOT COMPETED,,,True,"L3HARRIS TECHNOLOGIES, INC"
CONT_AWD_FA857722C0001_9700_-NONE-_-NONE-,FA857722C0001,575571989.83,590221891.49,2021-12-17,2022,Department of Defense,Department of the Air Force,ZH4NVFG3Z526,"GENERAL ATOMICS AERONAUTICAL SYSTEMS, INC.","GENERAL ATOMICS AERONAUTICAL SYSTEMS, INC.",SAN DIEGO,CA,CALIFORNIA,DEFINITIVE CONTRACT,MQ-9 REAPER CONTRACTOR LOGISTICS SUPPORT AND SERVICES,334511,"SEARCH, DETECTION, NAVIGATION, GUIDANCE, AERONAUTICAL, AND NAUTICAL SYSTEM AND INSTRUMENT MANUFACTURING",NOT COMPETED,NO SET ASIDE USED.,1.0,True,"GENERAL ATOMICS AERONAUTICAL SYSTEMS, INC"
CONT_AWD_FA857722C0002_9700_-NONE-_-NONE-,FA857722C0002,131824259.38,132547639.29,2022-04-27,2022,Department of Defense,Department of the Air Force,HEBCLD22EJD1,RAYTHEON COMPANY,RTX CORP,COLLIN,TX,TEXAS,DEFINITIVE CONTRACT,CONTRACTOR LOGISTICS SUPPORT (CLS) AND SERVICES APPLICABLE TO THE REAPER MQ-9 SENSOR PROGRAM.,334511,"SEARCH, DETECTION, NAVIGATION, GUIDANCE, AERONAUTICAL, AND NAUTICAL SYSTEM AND INSTRUMENT MANUFACTURING",NOT COMPETED,NO SET ASIDE USED.,1.0,True,RTX CORP
CONT_AWD_FA857724C0001_9700_-NONE-_-NONE-,FA857724C0001,646404052.0,646404052.0,2023-12-18,2024,Department of Defense,Department of the Air Force,ZH4NVFG3Z526,"GENERAL ATOMICS AERONAUTICAL SYSTEMS, INC.","GENERAL ATOMICS AERONAUTICAL SYSTEMS, INC.",SAN DIEGO,CA,CALIFORNIA,DEFINITIVE CONTRACT,CY24-25 MQ-9 (REAPER) SUPPORT AND SERVICES.,334511,"SEARCH, DETECTION, NAVIGATION, GUIDANCE, AERONAUTICAL, AND NAUTICAL SYSTEM AND INSTRUMENT MANUFACTURING",NOT COMPETED,NO SET ASIDE USED.,1.0,True,"GENERAL ATOMICS AERONAUTICAL SYSTEMS, INC"
CONT_AWD_FA857823F0001_9700_FA869021D1009_9700,FA857823F0001,579624144.92,681827232.15,2022-12-12,2023,Department of Defense,Department of the Air Force,LALWKM623MU7,NORTHROP GRUMMAN SYSTEMS CORPORATION,NORTHROP GRUMMAN CORPORATION,SAN DIEGO,CA,CALIFORNIA,DELIVERY ORDER,CONTRACTOR LOGISTICS SUPPORT AND SERVICES (CLS VII) FOR THE RG-4 GLOBAL HAWK PLATFORM.,336411,AIRCRAFT MANUFACTURING,NOT COMPETED,,,True,NORTHROP GRUMMAN CORPORATION
CONT_AWD_FA868922C2004_9700_-NONE-_-NONE-,FA868922C2004,4362102.0,4362102.0,2021-10-20,2022,Department of Defense,Department of the Air Force,ZH4NVFG3Z526,"GENERAL ATOMICS AERONAUTICAL SYSTEMS, INC.","GENERAL ATOMICS AERONAUTICAL SYSTEMS, INC.",SAN DIEGO,CA,CALIFORNIA,DEFINITIVE CONTRACT,MQ-9 REAPER FRANCE CRITICAL SPARES,336411,AIRCRAFT MANUFACTURING,NOT AVAILABLE FOR COMPETITION,NO SET ASIDE USED.,1.0,True,"GENERAL ATOMICS AERONAUTICAL SYSTEMS, INC"
CONT_AWD_FA868922F2008_9700_FA862017D2000_9700,FA868922F2008,10754641.92,10754641.92,2022-02-02,2022,Department of Defense,Department of the Air Force,ZH4NVFG3Z526,"GENERAL ATOMICS AERONAUTICAL SYSTEMS, INC.","GENERAL ATOMICS AERONAUTICAL SYSTEMS, INC.",SAN DIEGO,CA,CALIFORNIA,DELIVERY ORDER,MQ-9 AIR VEHICLE SIMULATOR EQUIPMENT,336411,AIRCRAFT MANUFACTURING,NOT COMPETED,,,True,"GENERAL ATOMICS AERONAUTICAL SYSTEMS, INC"
CONT_AWD_FA868922F2200_9700_FA868920D2020_9700,FA868922F2200,2155534.0,2155534.0,2022-09-22,2022,Department of Defense,Department of the Air Force,ZH4NVFG3Z526,"GENERAL ATOMICS AERONAUTICAL SYSTEMS, INC.","GENERAL ATOMICS AERONAUTICAL SYSTEMS, INC.",SAN DIEGO,CA,CALIFORNIA,DELIVERY ORDER,MQ-9 AGILE REAPER ENTERPRISE SOLUTIONS (ARES) ENTERPRISE STUDIES AND ANALYSIS,336411,AIRCRAFT MANUFACTURING,NOT COMPETED,,,True,"GENERAL ATOMICS AERONAUTICAL SYSTEMS, INC"
CONT_AWD_FA868922F2201_9700_FA868920D2020_9700,FA868922F2201,3877966.0,4752966.0,2022-08-03,2022,Department of Defense,Department of the Air Force,ZH4NVFG3Z526,"GENERAL ATOMICS AERONAUTICAL SYSTEMS, INC.",GENERAL ATOMICS,SAN DIEGO,CA,CALIFORNIA,DELIVERY ORDER,MQ-9 COMMAND & CONTROL RESILIENT SATELLITE COMMUNICATION,336411,AIRCRAFT MANUFACTURING,NOT COMPETED,,,True,GENERAL ATOMICS
CONT_AWD_FA868922F2400_9700_FA868920D2020_9700,FA868922F2400,128050591.0,128050591.0,2022-05-24,2022,Department of Defense,Department of the Air Force,ZH4NVFG3Z526,"GENERAL ATOMICS AERONAUTICAL SYSTEMS, INC.","GENERAL ATOMICS AERONAUTICAL SYSTEMS, INC.",SAN DIEGO,CA,CALIFORNIA,DELIVERY ORDER,MQ-9 REAPER 2022 UNITED STATES MARINE CORPS PRODUCTION BUY,336411,AIRCRAFT MANUFACTURING,NOT COMPETED,,,True,"GENERAL ATOMICS AERONAUTICAL SYSTEMS, INC"
CONT_AWD_FA868922F2401_9700_FA868920D2020_9700,FA868922F2401,77400000.0,77400000.0,2022-05-23,2022,Department of Defense,Department of the Air Force,ZH4NVFG3Z526,"GENERAL ATOMICS AERONAUTICAL SYSTEMS, INC.","GENERAL ATOMICS AERONAUTICAL SYSTEMS, INC.",SAN DIEGO,CA,CALIFORNIA,DELIVERY ORDER,MQ-9 REAPER FISCAL YEAR 22 AIRCRAFT PRODUCTION ORDER,336411,AIRCRAFT MANUFACTURING,NOT COMPETED,,,True,"GENERAL ATOMICS AERONAUTICAL SYSTEMS, INC"
CONT_AWD_FA868922F2600_9700_FA868920D2020_9700,FA868922F2600,4651087.9,4651087.9,2022-05-04,2022,Department of Defense,Department of the Air Force,ZH4NVFG3Z526,"GENERAL ATOMICS AERONAUTICAL SYSTEMS, INC.",GENERAL ATOMICS,SAN DIEGO,CA,CALIFORNIA,DELIVERY ORDER,"MQ-9 REAPER, GROUND CONTROL STATION MONITOR UPGRADES",336411,AIRCRAFT MANUFACTURING,NOT COMPETED,,,True,GENERAL ATOMICS
CONT_AWD_FA868922F2602_9700_FA868920D2020_9700,FA868922F2602,20262548.64,20262548.64,2022-09-15,2022,Department of Defense,Department of the Air Force,ZH4NVFG3Z526,"GENERAL ATOMICS AERONAUTICAL SYSTEMS, INC.","GENERAL ATOMICS AERONAUTICAL SYSTEMS, INC.",SAN DIEGO,CA,CALIFORNIA,DELIVERY ORDER,"MQ-9 REAPER, GROUND CONTROL STATION MULTI-FUNCTION WORKSTATION RETROFIT KITS",336411,AIRCRAFT MANUFACTURING,NOT COMPETED,,,True,"GENERAL ATOMICS AERONAUTICAL SYSTEMS, INC"
CONT_AWD_FA868922F2607_9700_FA868920D2020_9700,FA868922F2607,20143278.96,14899663.0,2022-03-15,2022,Department of Defense,Department of the Air Force,ZH4NVFG3Z526,"GENERAL ATOMICS AERONAUTICAL SYSTEMS, INC.","GENERAL ATOMICS AERONAUTICAL SYSTEMS, INC.",SAN DIEGO,CA,CALIFORNIA,DELIVERY ORDER,MQ-9 BLK 5 FOLLOW-ON REAPER CAPABILITY ENHANCEMENT (FORCE) FINAL ORDER,336411,AIRCRAFT MANUFACTURING,NOT COMPETED,,,True,"GENERAL ATOMICS AERONAUTICAL SYSTEMS, INC"
CONT_AWD_FA868922F2800_9700_FA868920D2020_9700,FA868922F2800,17229197.18,17229197.18,2022-01-07,2022,Department of Defense,Department of the Air Force,ZH4NVFG3Z526,"GENERAL ATOMICS AERONAUTICAL SYSTEMS, INC.","GENERAL ATOMICS AERONAUTICAL SYSTEMS, INC.",SAN DIEGO,CA,CALIFORNIA,DELIVERY ORDER,MQ-9 FRANCE AGILE REAPER ENTERPRISE SOLUTION (ARES) MOBILE GROUND CONTROL STATIONS (MGCS),336411,AIRCRAFT MANUFACTURING,NOT COMPETED,,,True,"GENERAL ATOMICS AERONAUTICAL SYSTEMS, INC"
CONT_AWD_FA868922FB001_9700_FA862017D2000_9700,FA868922FB001,87554261.55,113835804.06,2022-08-26,2022,Department of Defense,Department of the Air Force,ZH4NVFG3Z526,"GENERAL ATOMICS AERONAUTICAL SYSTEMS, INC.","GENERAL ATOMICS AERONAUTICAL SYSTEMS, INC.",SAN DIEGO,CA,CALIFORNIA,DELIVERY ORDER,MQ-9 REAPER LEAD OFF HITTER (LOH) 5,336411,AIRCRAFT MANUFACTURING,NOT COMPETED,,,True,"GENERAL ATOMICS AERONAUTICAL SYSTEMS, INC"
CONT_AWD_FA868923C2018_9700_-NONE-_-NONE-,FA868923C2018,470692041.17,471430334.81,2023-04-27,2023,Department of Defense,Department of the Air Force,ZH4NVFG3Z526,"GENERAL ATOMICS AERONAUTICAL SYSTEMS, INC.","GENERAL ATOMICS AERONAUTICAL SYSTEMS, INC.",SAN DIEGO,CA,CALIFORNIA,DEFINITIVE CONTRACT,MQ-9B PRODUCTION FMS TAIWAN,336411,AIRCRAFT MANUFACTURING,NOT AVAILABLE FOR COMPETITION,NO SET ASIDE USED.,1.0,True,"GENERAL ATOMICS AERONAUTICAL SYSTEMS, INC"
CONT_AWD_FA868923F2001_9700_FA868923D2012_9700,FA868923F2001,30281201.0,31394620.0,2022-12-14,2023,Department of Defense,Department of the Air Force,FRJQGQHDX4J3,"L3 TECHNOLOGIES, INC.","L3HARRIS TECHNOLOGIES, INC",SALT LAKE,UT,UTAH,DELIVERY ORDER,MQ-9 REAPER HARDWARE AND INSTALLATION DO UNDER COMMUNICATION REAPER INTEGRATED UPGRADE SOLUTIONS (CRIUS) IDIQ - SATCOM DMS,336411,AIRCRAFT MANUFACTURING,NOT COMPETED,,,True,"L3HARRIS TECHNOLOGIES, INC"
CONT_AWD_FA868923F2003_9700_FA868923D2012_9700,FA868923F2003,52170772.0,52170772.0,2023-03-30,2023,Department of Defense,Department of the Air Force,FRJQGQHDX4J3,"L3 TECHNOLOGIES, INC.","L3HARRIS TECHNOLOGIES, INC",SALT LAKE,UT,UTAH,DELIVERY ORDER,MQ-9 REAPER: COMMMUNICATION REAPER INTEGRATED UPGRADE SOLUTIONS - SATELLITE COMMUNICATION (SATCOM) DIMINISHED MANUFACTURING SOURCE UPGRADES,336411,AIRCRAFT MANUFACTURING,NOT COMPETED,,,True,"L3HARRIS TECHNOLOGIES, INC"
CONT_AWD_FA868923F2250_9700_FA868920D2020_9700,FA868923F2250,41865689.17,42439522.17,2023-06-10,2023,Department of Defense,Department of the Air Force,ZH4NVFG3Z526,"GENERAL ATOMICS AERONAUTICAL SYSTEMS, INC.","GENERAL ATOMICS AERONAUTICAL SYSTEMS, INC.",SAN DIEGO,CA,CALIFORNIA,DELIVERY ORDER,MQ-9 REAPER PROLIFERATED LOW EARTH ORBIT (PLEO),336411,AIRCRAFT MANUFACTURING,NOT COMPETED,,,True,"GENERAL ATOMICS AERONAUTICAL SYSTEMS, INC"
CONT_AWD_FA868923F2452_9700_FA868920D2020_9700,FA868923F2452,93563757.47,93563757.47,2023-09-18,2023,Department of Defense,Department of the Air Force,ZH4NVFG3Z526,"GENERAL ATOMICS AERONAUTICAL SYSTEMS, INC.","GENERAL ATOMICS AERONAUTICAL SYSTEMS, INC.",SAN DIEGO,CA,CALIFORNIA,DELIVERY ORDER,MQ-9 REAPER FMS NETHERLANDS - LOT 2 PRODUCTION,336411,AIRCRAFT MANUFACTURING,NOT COMPETED,,,True,"GENERAL ATOMICS AERONAUTICAL SYSTEMS, INC"
CONT_AWD_FA868923F2650_9700_FA868920D2020_9700,FA868923F2650,126270632.93,126415689.93,2023-09-26,2023,Department of Defense,Department of the Air Force,ZH4NVFG3Z526,"GENERAL ATOMICS AERONAUTICAL SYSTEMS, INC.","GENERAL ATOMICS AERONAUTICAL SYSTEMS, INC.",SAN DIEGO,CA,CALIFORNIA,DELIVERY ORDER,MQ-9 REAPER OPEN MISSION SYSTEM (OMS) STELLAR RELAY (SR) AND LINK-16 RETROFIT UCA,336411,AIRCRAFT MANUFACTURING,NOT COMPETED,,,True,"GENERAL ATOMICS AERONAUTICAL SYSTEMS, INC"
CONT_AWD_FA868923F2850_9700_FA868920D2020_9700,FA868923F2850,80637544.72,80637544.72,2023-07-14,2023,Department of Defense,Department of the Air Force,ZH4NVFG3Z526,"GENERAL ATOMICS AERONAUTICAL SYSTEMS, INC.","GENERAL ATOMICS AERONAUTICAL SYSTEMS, INC.",SAN DIEGO,CA,CALIFORNIA,DELIVERY ORDER,MQ-9 REAPER FOREIGN MILITARY SALES (FMS) ITALY MID LIFE MODERNIZATION LOT 2,336411,AIRCRAFT MANUFACTURING,NOT COMPETED,,,True,"GENERAL ATOMICS AERONAUTICAL SYSTEMS, INC"
CONT_AWD_FA868923F2851_9700_FA868920D2020_9700,FA868923F2851,525995.0,525995.0,2023-02-22,2023,Department of Defense,Department of the Air Force,ZH4NVFG3Z526,"GENERAL ATOMICS AERONAUTICAL SYSTEMS, INC.",GENERAL ATOMICS,SAN DIEGO,CA,CALIFORNIA,DELIVERY ORDER,"MQ-9 REAPER, FMS TAIWAN STUDY/SITE SURVEY",336411,AIRCRAFT MANUFACTURING,NOT COMPETED,,,True,GENERAL ATOMICS
CONT_AWD_FA868923FB001_9700_FA868920D2020_9700,FA868923FB001,12095895.56,12578922.06,2023-07-31,2023,Department of Defense,Department of the Air Force,ZH4NVFG3Z526,"GENERAL ATOMICS AERONAUTICAL SYSTEMS, INC.","GENERAL ATOMICS AERONAUTICAL SYSTEMS, INC.",SAN DIEGO,CA,CALIFORNIA,DELIVERY ORDER,MQ-9 REAPER FISCAL YEAR (FY) 23/24 MISSION READINESS CAPABILITY (MRC),336411,AIRCRAFT MANUFACTURING,NOT COMPETED,,,True,"GENERAL ATOMICS AERONAUTICAL SYSTEMS, INC"
CONT_AWD_FA868923FB002_9700_FA868920D2020_9700,FA868923FB002,15614441.44,15614441.44,2023-06-23,2023,Department of Defense,Department of the Air Force,ZH4NVFG3Z526,"GENERAL ATOMICS AERONAUTICAL SYSTEMS, INC.","GENERAL ATOMICS AERONAUTICAL SYSTEMS, INC.",SAN DIEGO,CA,CALIFORNIA,DELIVERY ORDER,MQ-9 REAPER AFSOC RPA CONTROL SUITE (ARCS) - VEHICLE SPECIFIC MODULE (VSM),336411,AIRCRAFT MANUFACTURING,NOT COMPETED,,,True,"GENERAL ATOMICS AERONAUTICAL SYSTEMS, INC"
CONT_AWD_FA868923FB003_9700_FA868920D2020_9700,FA868923FB003,2211765.0,3917479.0,2023-03-16,2023,Department of Defense,Department of the Air Force,ZH4NVFG3Z526,"GENERAL ATOMICS AERONAUTICAL SYSTEMS, INC.","GENERAL ATOMICS AERONAUTICAL SYSTEMS, INC.",SAN DIEGO,CA,CALIFORNIA,DELIVERY ORDER,MQ-9 MALET TECHNICAL SUPPORT AND SERVICES,336411,AIRCRAFT MANUFACTURING,NOT COMPETED,,,True,"GENERAL ATOMICS AERONAUTICAL SYSTEMS, INC"
CONT_AWD_FA868923FB004_9700_FA868920D2020_9700,FA868923FB004,1940493.0,1940493.0,2023-08-23,2023,Department of Defense,Department of the Air Force,ZH4NVFG3Z526,"GENERAL ATOMICS AERONAUTICAL SYSTEMS, INC.","GENERAL ATOMICS AERONAUTICAL SYSTEMS, INC.",SAN DIEGO,CA,CALIFORNIA,DELIVERY ORDER,MQ-9 REAPER FY22 PRODUCTION SHUT-DOWN STUDY,336411,AIRCRAFT MANUFACTURING,NOT COMPETED,,,True,"GENERAL ATOMICS AERONAUTICAL SYSTEMS, INC"
CONT_AWD_FA868924C2019_9700_-NONE-_-NONE-,FA868924C2019,6914701.0,6914701.0,2024-01-12,2024,Department of Defense,Department of the Air Force,ZH4NVFG3Z526,"GENERAL ATOMICS AERONAUTICAL SYSTEMS, INC.","GENERAL ATOMICS AERONAUTICAL SYSTEMS, INC.",SAN DIEGO,CA,CALIFORNIA,DEFINITIVE CONTRACT,"MQ-9 REAPER - UCA, PROLIFERATED LOW ORBIT EARTH (PLEO) JOINT URGENT OPERATIONAL NEED (JUON) - FIELD SERVICE REPRESENTATIVE (FSR) SUPPORT",336411,AIRCRAFT MANUFACTURING,NOT COMPETED,NO SET ASIDE USED.,1.0,True,"GENERAL ATOMICS AERONAUTICAL SYSTEMS, INC"
CONT_AWD_FA868924C2020_9700_-NONE-_-NONE-,FA868924C2020,102936807.97,102936807.97,2024-04-17,2024,Department of Defense,Department of the Air Force,ZH4NVFG3Z526,"GENERAL ATOMICS AERONAUTICAL SYSTEMS, INC.","GENERAL ATOMICS AERONAUTICAL SYSTEMS, INC.",SAN DIEGO,CA,CALIFORNIA,DEFINITIVE CONTRACT,"MQ-9 FMS NETHERLANDS, LOT 2 PRODUCTION CUT-IN UCA",336411,AIRCRAFT MANUFACTURING,NOT AVAILABLE FOR COMPETITION,NO SET ASIDE USED.,1.0,True,"GENERAL ATOMICS AERONAUTICAL SYSTEMS, INC"
CONT_AWD_FA868924F2251_9700_FA868920D2020_9700,FA868924F2251,3921067.79,5503310.38,2023-12-21,2024,Department of Defense,Department of the Air Force,ZH4NVFG3Z526,"GENERAL ATOMICS AERONAUTICAL SYSTEMS, INC.","GENERAL ATOMICS AERONAUTICAL SYSTEMS, INC.",SAN DIEGO,CA,CALIFORNIA,DELIVERY ORDER,MQ-9 REAPER CLEAN UP HITTER (CUH) 3.5,336411,AIRCRAFT MANUFACTURING,NOT COMPETED,,,True,"GENERAL ATOMICS AERONAUTICAL SYSTEMS, INC"
CONT_AWD_FA868924F2451_9700_FA868920D2020_9700,FA868924F2451,94358723.59,95682956.59,2024-04-22,2024,Department of Defense,Department of the Air Force,ZH4NVFG3Z526,"GENERAL ATOMICS AERONAUTICAL SYSTEMS, INC.","GENERAL ATOMICS AERONAUTICAL SYSTEMS, INC.",SAN DIEGO,CA,CALIFORNIA,DELIVERY ORDER,MQ-9 REAPER JOINT UNION OPERATIONAL NEED PROLIFERLATED LOW EARTH ORBIT PHASE II,336411,AIRCRAFT MANUFACTURING,NOT COMPETED,,,True,"GENERAL ATOMICS AERONAUTICAL SYSTEMS, INC"
CONT_AWD_FA868924F2851_9700_FA868920D2020_9700,FA868924F2851,10778870.0,10778870.0,2024-02-22,2024,Department of Defense,Department of the Air Force,ZH4NVFG3Z526,"GENERAL ATOMICS AERONAUTICAL SYSTEMS, INC.","GENERAL ATOMICS AERONAUTICAL SYSTEMS, INC.",SAN DIEGO,CA,CALIFORNIA,DELIVERY ORDER,MQ-9 REAPER TAIWAN MQ-9A BLOCK 1 EXPORTABILITY,336411,AIRCRAFT MANUFACTURING,NOT COMPETED,,,True,"GENERAL ATOMICS AERONAUTICAL SYSTEMS, INC"
CONT_AWD_FA868924FB002_9700_FA868920D2020_9700,FA868924FB002,1569366.66,1569366.66,2024-08-22,2024,Department of Defense,Department of the Air Force,ZH4NVFG3Z526,"GENERAL ATOMICS AERONAUTICAL SYSTEMS, INC.","GENERAL ATOMICS AERONAUTICAL SYSTEMS, INC.",ORANGE,CA,CALIFORNIA,DELIVERY ORDER,IEU MQ-9A BLOCK 5 INTEGRATION.,336411,AIRCRAFT MANUFACTURING,NOT COMPETED,,,True,"GENERAL ATOMICS AERONAUTICAL SYSTEMS, INC"
CONT_AWD_FA868924FB008_9700_FA868923D2012_9700,FA868924FB008,1972051.52,1972051.52,2024-07-03,2024,Department of Defense,Department of the Air Force,FRJQGQHDX4J3,"L3 TECHNOLOGIES, INC.","L3HARRIS TECHNOLOGIES, INC",SALT LAKE,UT,UTAH,DELIVERY ORDER,MQ-9 COMMUNICATION REAPER INTEGRATED UPGRADE SOLUTIONS (CRIUS) DELIVERY ORDER 3,336411,AIRCRAFT MANUFACTURING,NOT COMPETED,,,True,"L3HARRIS TECHNOLOGIES, INC"
CONT_AWD_FA868925CB009_9700_-NONE-_-NONE-,FA868925CB009,5256489.0,5256489.0,2025-05-01,2025,Department of Defense,Department of the Air Force,ZH4NVFG3Z526,"GENERAL ATOMICS AERONAUTICAL SYSTEMS, INC.","GENERAL ATOMICS AERONAUTICAL SYSTEMS, INC.",SAN DIEGO,CA,CALIFORNIA,DEFINITIVE CONTRACT,UNITED KINGDOM MQ-9B PROTECTOR (UKP) IN-SERVICE SUSTAINMENT SUPPORT (ISS),334511,"SEARCH, DETECTION, NAVIGATION, GUIDANCE, AERONAUTICAL, AND NAUTICAL SYSTEM AND INSTRUMENT MANUFACTURING",NOT AVAILABLE FOR COMPETITION,NO SET ASIDE USED.,1.0,True,"GENERAL ATOMICS AERONAUTICAL SYSTEMS, INC"
CONT_AWD_FA868925FB002_9700_FA868920D2020_9700,FA868925FB002,3502152.85,3502152.85,2024-12-20,2025,Department of Defense,Department of the Air Force,ZH4NVFG3Z526,"GENERAL ATOMICS AERONAUTICAL SYSTEMS, INC.","GENERAL ATOMICS AERONAUTICAL SYSTEMS, INC.",SAN DIEGO,CA,CALIFORNIA,DELIVERY ORDER,MQ-9 REAPER BLOCK 30 J-VOICE COMPATIBILITY,336411,AIRCRAFT MANUFACTURING,NOT COMPETED,,,True,"GENERAL ATOMICS AERONAUTICAL SYSTEMS, INC"
CONT_AWD_FA868925FB007_9700_FA868920D2020_9700,FA868925FB007,1265329.0,1265329.0,2025-08-05,2025,Department of Defense,Department of the Air Force,ZH4NVFG3Z526,"GENERAL ATOMICS AERONAUTICAL SYSTEMS, INC.","GENERAL ATOMICS AERONAUTICAL SYSTEMS, INC.",SAN DIEGO,CA,CALIFORNIA,DELIVERY ORDER,SITE SURVEY STUDY IN SUPPORT OF THE INDIA MQ-9B PROGRAM,336411,AIRCRAFT MANUFACTURING,NOT COMPETED,,,True,"GENERAL ATOMICS AERONAUTICAL SYSTEMS, INC"
CONT_AWD_FA869022F1001_9700_FA869021D1009_9700,FA869022F1001,600734.0,600734.0,2021-11-18,2022,Department of Defense,Department of the Air Force,LALWKM623MU7,NORTHROP GRUMMAN SYSTEMS CORPORATION,NORTHROP GRUMMAN CORPORATION,SAN DIEGO,CA,CALIFORNIA,DELIVERY ORDER,GLOBAL HAWK MULTI SPECTRAL-177A 10-BAND INSTALLATION PROPOSAL PREPARATION,336411,AIRCRAFT MANUFACTURING,NOT COMPETED,,,True,NORTHROP GRUMMAN CORPORATION
CONT_AWD_FA869023FB002_9700_FA869021D1009_9700,FA869023FB002,18171061.64,18363559.64,2023-09-27,2023,Department of Defense,Department of the Air Force,LALWKM623MU7,NORTHROP GRUMMAN SYSTEMS CORPORATION,NORTHROP GRUMMAN CORPORATION,SAN DIEGO,CA,CALIFORNIA,DELIVERY ORDER,GLOBAL HAWK INTERIM COMMUNICATION SECURITY (COMSEC) SOLUTION 1B,336411,AIRCRAFT MANUFACTURING,NOT COMPETED,,,True,NORTHROP GRUMMAN CORPORATION
CONT_AWD_FA869024FB002_9700_FA869021D1009_9700,FA869024FB002,6205512.0,6205512.0,2024-09-26,2024,Department of Defense,Department of the Air Force,LALWKM623MU7,NORTHROP GRUMMAN SYSTEMS CORPORATION,NORTHROP GRUMMAN CORPORATION,SAN DIEGO,CA,CALIFORNIA,DELIVERY ORDER,"COMBINES VARIOUS MAINTENANCE LAPTOPS INTO A NEW, SINGLE LAPTOP THAT CAN BE USED TO PERFORM APPLICABLE MAINTENANCE FUNCTIONS FOR THE USAF BLOCK 40 RQ-4B GLOBAL HAWKS USING APPROPRIATE SOFTWARE AND WINDOWS SECURE HOST BASELINE 11 OPERATING SYSTEM.",336411,AIRCRAFT MANUFACTURING,NOT COMPETED,,,True,NORTHROP GRUMMAN CORPORATION
CONT_AWD_FA930223P0094_9700_-NONE-_-NONE-,FA930223P0094,532950.0,532950.0,2023-09-11,2023,Department of Defense,Department of the Air Force,CNASGNNZ9MP8,"QUASONIX, INC.","QUASONIX, INC.",KERN,CA,CALIFORNIA,PURCHASE ORDER,"QUASONIX TELEMETRY TRANSMITTERS, ANALYZERS, RECEIVERS",334511,"SEARCH, DETECTION, NAVIGATION, GUIDANCE, AERONAUTICAL, AND NAUTICAL SYSTEM AND INSTRUMENT MANUFACTURING",COMPETED UNDER SAP,SMALL BUSINESS SET ASIDE - TOTAL,6.0,True,"QUASONIX, INC"
CONT_AWD_FA930225P0020_9700_-NONE-_-NONE-,FA930225P0020,534420.0,534420.0,2025-02-07,2025,Department of Defense,Department of the Air Force,CNASGNNZ9MP8,"QUASONIX, INC.","QUASONIX, INC.",KERN,CA,CALIFORNIA,PURCHASE ORDER,QUASONIX TRANSMITTERS AND RECEIVERS.,334511,"SEARCH, DETECTION, NAVIGATION, GUIDANCE, AERONAUTICAL, AND NAUTICAL SYSTEM AND INSTRUMENT MANUFACTURING",NOT COMPETED UNDER SAP,NO SET ASIDE USED.,1.0,True,"QUASONIX, INC"
CONT_AWD_FA930225P0056_9700_-NONE-_-NONE-,FA930225P0056,682850.0,682850.0,2025-06-26,2025,Department of Defense,Department of the Air Force,CNASGNNZ9MP8,"QUASONIX, INC.","QUASONIX, INC.",KERN,CA,CALIFORNIA,PURCHASE ORDER,QUASONIX TELEMETRY PRODUCTS - TRANSMITTERS AND RECEIVERS,334511,"SEARCH, DETECTION, NAVIGATION, GUIDANCE, AERONAUTICAL, AND NAUTICAL SYSTEM AND INSTRUMENT MANUFACTURING",FULL AND OPEN COMPETITION AFTER EXCLUSION OF SOURCES,SMALL BUSINESS SET ASIDE - TOTAL,1.0,True,"QUASONIX, INC"
CONT_AWD_H9240222F0013_9700_H9240222D0001_9700,H9240222F0013,6503149.0,6503149.0,2022-02-24,2022,Department of Defense,U.S. Special Operations Command,KC3CH2MSK7Q3,"ANDURIL INDUSTRIES, INC.","ANDURIL INDUSTRIES, INC.",FAYETTE,KY,KENTUCKY,DELIVERY ORDER,DISMOUNTED COUNTER UNMANNED SYSTEMS HARDWARE,334511,"SEARCH, DETECTION, NAVIGATION, GUIDANCE, AERONAUTICAL, AND NAUTICAL SYSTEM AND INSTRUMENT MANUFACTURING",FULL AND OPEN COMPETITION,,,True,"ANDURIL INDUSTRIES, INC"
CONT_AWD_H9240223F0013_9700_H9240222D0001_9700,H9240223F0013,14384414.25,14384414.25,2022-12-15,2023,Department of Defense,U.S. Special Operations Command,KC3CH2MSK7Q3,"ANDURIL INDUSTRIES, INC.",ANDURIL INDUSTRIES  INC.,FAYETTE,KY,KENTUCKY,DELIVERY ORDER,DISMOUNTED COUNTER UNMANNED SYSTEMS HARDWARE,334511,"SEARCH, DETECTION, NAVIGATION, GUIDANCE, AERONAUTICAL, AND NAUTICAL SYSTEM AND INSTRUMENT MANUFACTURING",FULL AND OPEN COMPETITION,,,True,ANDURIL INDUSTRIES  INC
CONT_AWD_H9240223F0052_9700_H9240222D0001_9700,H9240223F0052,350000.0,350000.0,2023-08-02,2023,Department of Defense,U.S. Special Operations Command,KC3CH2MSK7Q3,"ANDURIL INDUSTRIES, INC.",ANDURIL INDUSTRIES  INC.,ORANGE,CA,CALIFORNIA,DELIVERY ORDER,QUASAR INTEGRATION,334511,"SEARCH, DETECTION, NAVIGATION, GUIDANCE, AERONAUTICAL, AND NAUTICAL SYSTEM AND INSTRUMENT MANUFACTURING",FULL AND OPEN COMPETITION,,,True,ANDURIL INDUSTRIES  INC
CONT_AWD_H9240224F0028_9700_H9240222D0001_9700,H9240224F0028,10742187.0,10770990.0,2024-02-29,2024,Department of Defense,U.S. Special Operations Command,KC3CH2MSK7Q3,"ANDURIL INDUSTRIES, INC.",ANDURIL INDUSTRIES  INC.,ORANGE,CA,CALIFORNIA,DELIVERY ORDER,ROADRUNNER SUBASSEMBLY COMPONENTS AND DRONEGUN,334511,"SEARCH, DETECTION, NAVIGATION, GUIDANCE, AERONAUTICAL, AND NAUTICAL SYSTEM AND INSTRUMENT MANUFACTURING",FULL AND OPEN COMPETITION,,,True,ANDURIL INDUSTRIES  INC
CONT_AWD_H9240224F0030_9700_H9240222D0001_9700,H9240224F0030,1940113.46,1940113.46,2024-03-26,2024,Department of Defense,U.S. Special Operations Command,KC3CH2MSK7Q3,"ANDURIL INDUSTRIES, INC.",ANDURIL INDUSTRIES  INC.,ORANGE,CA,CALIFORNIA,DELIVERY ORDER,QUASAR ENHANCEMENTS,334511,"SEARCH, DETECTION, NAVIGATION, GUIDANCE, AERONAUTICAL, AND NAUTICAL SYSTEM AND INSTRUMENT MANUFACTURING",FULL AND OPEN COMPETITION,,,True,ANDURIL INDUSTRIES  INC
CONT_AWD_H9240224F0043_9700_H9240222D0001_9700,H9240224F0043,4159614.8,4159614.8,2024-07-22,2024,Department of Defense,U.S. Special Operations Command,KC3CH2MSK7Q3,"ANDURIL INDUSTRIES, INC.",ANDURIL INDUSTRIES  INC.,ORANGE,CA,CALIFORNIA,DELIVERY ORDER,QUASAR CAPABILITY PACKAGES,334511,"SEARCH, DETECTION, NAVIGATION, GUIDANCE, AERONAUTICAL, AND NAUTICAL SYSTEM AND INSTRUMENT MANUFACTURING",FULL AND OPEN COMPETITION,,,True,ANDURIL INDUSTRIES  INC
CONT_AWD_H9240224F0047_9700_H9240222D0001_9700,H9240224F0047,1776174.0,1776174.0,2024-08-20,2024,Department of Defense,U.S. Special Operations Command,KC3CH2MSK7Q3,"ANDURIL INDUSTRIES, INC.",ANDURIL INDUSTRIES  INC.,ORANGE,CA,CALIFORNIA,DELIVERY ORDER,QUASAR SYSTEM SUPPORT,334511,"SEARCH, DETECTION, NAVIGATION, GUIDANCE, AERONAUTICAL, AND NAUTICAL SYSTEM AND INSTRUMENT MANUFACTURING",FULL AND OPEN COMPETITION,,,True,ANDURIL INDUSTRIES  INC
CONT_AWD_H9240224F0051_9700_H9240222D0001_9700,H9240224F0051,480147.55,515076.84,2024-08-20,2024,Department of Defense,U.S. Special Operations Command,KC3CH2MSK7Q3,"ANDURIL INDUSTRIES, INC.",ANDURIL INDUSTRIES  INC.,ORANGE,CA,CALIFORNIA,DELIVERY ORDER,DRONE ASSEMBLY TECHNICIAN SUPPORT,334511,"SEARCH, DETECTION, NAVIGATION, GUIDANCE, AERONAUTICAL, AND NAUTICAL SYSTEM AND INSTRUMENT MANUFACTURING",FULL AND OPEN COMPETITION,,,True,ANDURIL INDUSTRIES  INC
CONT_AWD_H9240224F0057_9700_H9240222D0001_9700,H9240224F0057,249978466.39,249978466.39,2024-08-31,2024,Department of Defense,U.S. Special Operations Command,KC3CH2MSK7Q3,"ANDURIL INDUSTRIES, INC.",ANDURIL INDUSTRIES  INC.,ORANGE,CA,CALIFORNIA,DELIVERY ORDER,"ROADRUNNER, ANVIL AND QUASAR PACKAGES",334511,"SEARCH, DETECTION, NAVIGATION, GUIDANCE, AERONAUTICAL, AND NAUTICAL SYSTEM AND INSTRUMENT MANUFACTURING",FULL AND OPEN COMPETITION,,,True,ANDURIL INDUSTRIES  INC
CONT_AWD_H9240225FE006_9700_H9240222D0001_9700,H9240225FE006,1158742.6,1158742.6,2025-05-27,2025,Department of Defense,U.S. Special Operations Command,KC3CH2MSK7Q3,"ANDURIL INDUSTRIES, INC.",ANDURIL INDUSTRIES  INC.,ORANGE,CA,CALIFORNIA,DELIVERY ORDER,FOR ROLL-ON/ROLL-OFF (RORO) COUNTER UNMANNED SYSTEMS (CUXS) HARDWARE,334511,"SEARCH, DETECTION, NAVIGATION, GUIDANCE, AERONAUTICAL, AND NAUTICAL SYSTEM AND INSTRUMENT MANUFACTURING",FULL AND OPEN COMPETITION,,,True,ANDURIL INDUSTRIES  INC
CONT_AWD_H9240225FE010_9700_H9240222D0001_9700,H9240225FE010,256022.78,256022.78,2025-06-24,2025,Department of Defense,U.S. Special Operations Command,KC3CH2MSK7Q3,"ANDURIL INDUSTRIES, INC.",ANDURIL INDUSTRIES  INC.,ORANGE,CA,CALIFORNIA,DELIVERY ORDER,"FOR COUNTER UNMANNED SYSTEMS (CUXS) ANNUAL SOFTWARE LICENSING AND SUSTAINMENT FOR ADVANCED POSITION, NAVIGATION AND TIMING (PNT)",334511,"SEARCH, DETECTION, NAVIGATION, GUIDANCE, AERONAUTICAL, AND NAUTICAL SYSTEM AND INSTRUMENT MANUFACTURING",FULL AND OPEN COMPETITION,,,True,ANDURIL INDUSTRIES  INC
CONT_AWD_H9240225FE017_9700_H9240222D0001_9700,H9240225FE017,41406340.4,64812677.06,2025-07-30,2025,Department of Defense,U.S. Special Operations Command,KC3CH2MSK7Q3,"ANDURIL INDUSTRIES, INC.",ANDURIL INDUSTRIES  INC.,ORANGE,CA,CALIFORNIA,DELIVERY ORDER,THIS EFFORT IS FOR ANNUAL OPERATIONS AND SUSTAINMENT FOR COUNTER UNMANNED SYSTEMS (CUXS) HARDWARE.,334511,"SEARCH, DETECTION, NAVIGATION, GUIDANCE, AERONAUTICAL, AND NAUTICAL SYSTEM AND INSTRUMENT MANUFACTURING",FULL AND OPEN COMPETITION,,,True,ANDURIL INDUSTRIES  INC
CONT_AWD_H9240225FE019_9700_H9240222D0001_9700,H9240225FE019,528802.4,528802.4,2025-08-04,2025,Department of Defense,U.S. Special Operations Command,KC3CH2MSK7Q3,"ANDURIL INDUSTRIES, INC.",ANDURIL INDUSTRIES  INC.,ORANGE,CA,CALIFORNIA,DELIVERY ORDER,SIP 113 - DRONE ASSEMBLY TECHNICIAN,334511,"SEARCH, DETECTION, NAVIGATION, GUIDANCE, AERONAUTICAL, AND NAUTICAL SYSTEM AND INSTRUMENT MANUFACTURING",FULL AND OPEN COMPETITION,,,True,ANDURIL INDUSTRIES  INC
CONT_AWD_H9240225FE022_9700_H9240222D0001_9700,H9240225FE022,14158924.0,14158924.0,2025-08-06,2025,Department of Defense,U.S. Special Operations Command,KC3CH2MSK7Q3,"ANDURIL INDUSTRIES, INC.",ANDURIL INDUSTRIES  INC.,FAYETTE,KY,KENTUCKY,DELIVERY ORDER,SIP TO 103 - DISMOUNTED COUNTER UNMANNED SYSTEMS (CUXS) HARDWARE,334511,"SEARCH, DETECTION, NAVIGATION, GUIDANCE, AERONAUTICAL, AND NAUTICAL SYSTEM AND INSTRUMENT MANUFACTURING",FULL AND OPEN COMPETITION,,,True,ANDURIL INDUSTRIES  INC
CONT_AWD_H9240325F0025_9700_H9240324D0003_9700,H9240325F0025,1409454.96,1409454.96,2025-02-20,2025,Department of Defense,U.S. Special Operations Command,DY1GTQUNQNA7,MISTRAL INC,THE MISTRAL INC,MONTGOMERY,MD,MARYLAND,DELIVERY ORDER,HERO 120 DRONES AND SPARES,336411,AIRCRAFT MANUFACTURING,NOT COMPETED,,,True,THE MISTRAL INC
CONT_AWD_N0001922F0966_9700_N0001919D0033_9700,N0001922F0966,1263974.08,1263974.08,2021-11-24,2022,Department of Defense,Department of the Navy,QXMUHJ7XTF89,"INSITU, INC.",THE BOEING COMPANY,KLICKITAT,WA,WASHINGTON,DELIVERY ORDER,PROCURE SITE ACTIVATION AND FSR SUPPORT FOR THE RQ-21A BLACKJACK UNMANNED AIR SYSTEM (UAS)IN SUPPORT OF THAILAND BPC CASE: ED-P-LAL,336411,AIRCRAFT MANUFACTURING,NOT COMPETED,,,True,THE BOEING COMPANY
CONT_AWD_N0001922F1168_9700_N0001919D0033_9700,N0001922F1168,1277036.93,1277036.93,2021-12-17,2022,Department of Defense,Department of the Navy,QXMUHJ7XTF89,"INSITU, INC.",THE BOEING COMPANY,KLICKITAT,WA,WASHINGTON,DELIVERY ORDER,"SCANEAGLE UAS SPARES, PSC 1550 APPLIES AS WELL. MFG WILL TAKE PLACE IN US. THIS ACTION ALSO REQUIRES FSR SUPPORT @ 52 WEEKS.",336411,AIRCRAFT MANUFACTURING,NOT COMPETED,,,True,THE BOEING COMPANY
CONT_AWD_N0001922F2367_9700_N0001919D0033_9700,N0001922F2367,424923.86,424923.86,2022-04-19,2022,Department of Defense,Department of the Navy,QXMUHJ7XTF89,"INSITU, INC.",THE BOEING COMPANY,KLICKITAT,WA,WASHINGTON,DELIVERY ORDER,THE PURPOSE OF THIS TASK ORDER IS TO PROCURE FIELD SERVICE REPRESENTATIVE(S) (FSR) SUPPORT (2 FSRS AT 14 WEEKS EACH) FOR THE SCANEAGLE UNMANNED AIRCRAFT SYSTEM (UAS) PROGRAM IN SUPPORT OF PHILIPPINES BPC CASE DW-P-GEE.,336411,AIRCRAFT MANUFACTURING,NOT COMPETED,,,True,THE BOEING COMPANY
CONT_AWD_N0001922F2385_9700_N0001919G0008_9700,N0001922F2385,3172628.0,3172628.0,2022-06-07,2022,Department of Defense,Department of the Navy,G4KDGE4JFFK7,LOCKHEED MARTIN CORPORATION,LOCKHEED MARTIN CORPORATION,TARRANT,TX,TEXAS,DELIVERY ORDER,AF 276/277 GRPA ENGINEERING INTEGRATION SUPPORT & DELIVERY,336411,AIRCRAFT MANUFACTURING,NOT COMPETED,NO SET ASIDE USED.,1.0,True,LOCKHEED MARTIN CORPORATION
CONT_AWD_N0001922F2408_9700_N0001919D0033_9700,N0001922F2408,3349668.0,3349668.0,2022-04-19,2022,Department of Defense,Department of the Navy,QXMUHJ7XTF89,"INSITU, INC.",THE BOEING COMPANY,KLICKITAT,WA,WASHINGTON,DELIVERY ORDER,RQ-21A UAVS FOR NSW FY22,336411,AIRCRAFT MANUFACTURING,NOT COMPETED,,,True,THE BOEING COMPANY
CONT_AWD_N0001923C0033_9700_-NONE-_-NONE-,N0001923C0033,55432360.69,56536050.79,2023-04-11,2023,Department of Defense,Department of the Navy,XS3JCD2LPEV5,THE SURVICE ENGINEERING COMPANY LLC,THE SURVICE ENGINEERING COMPANY LLC,HARFORD,MD,MARYLAND,DEFINITIVE CONTRACT,"TRUAS TRV-150C SYSTEMS & ASSOCIATED SYSTEMS ENGINEERING/PROGRAM MANAGEMENT, SPARES, REPAIR OF REPAIRABLES, ETC.  NOTE: SOLE SOURCE AWARD PURSUANT TO 10 USC 4022(F), BUT CAR CODING DOES NOT INCLUDE THIS AS AN OPTION, AND HENCE FAR 6.302-1 SELECTED.",336411,AIRCRAFT MANUFACTURING,NOT COMPETED,NO SET ASIDE USED.,1.0,True,THE SURVICE ENGINEERING COMPANY LLC
CONT_AWD_N0001923F0135_9700_N0001922G0006_9700,N0001923F0135,34439230.0,34439230.0,2023-09-28,2023,Department of Defense,Department of the Navy,ZH4NVFG3Z526,"GENERAL ATOMICS AERONAUTICAL SYSTEMS, INC.","GENERAL ATOMICS AERONAUTICAL SYSTEMS, INC.",SAN DIEGO,CA,CALIFORNIA,DELIVERY ORDER,THIS CONTRACT PROCURES -25 AND GROUND CONTROL STATION (GCS) SPARES FOR THE MQ-9.,336411,AIRCRAFT MANUFACTURING,NOT COMPETED,NO SET ASIDE USED.,1.0,True,"GENERAL ATOMICS AERONAUTICAL SYSTEMS, INC"
CONT_AWD_N0001924C0029_9700_-NONE-_-NONE-,N0001924C0029,27879853.01,27879853.01,2024-02-13,2024,Department of Defense,Department of the Navy,EWENWBX5J8G5,MSI DEFENSE SOLUTIONS LLC,MSI DEFENSE SOLUTIONS LLC,IREDELL,NC,NORTH CAROLINA,DEFINITIVE CONTRACT,"PROCUREMENT OF FIVE (5) EAGLS C-UAS MODULAR SYSTEMS AND ASSOCIATED ENGINEERING AND MAINTENANCE SUPPORT, SUPPORT EQUIPMENT, SPARES, INITIAL TRAINING MATERIALS, AND TECHNICAL MANUALS.",334511,"SEARCH, DETECTION, NAVIGATION, GUIDANCE, AERONAUTICAL, AND NAUTICAL SYSTEM AND INSTRUMENT MANUFACTURING",NOT COMPETED,NO SET ASIDE USED.,1.0,True,MSI DEFENSE SOLUTIONS LLC
CONT_AWD_N0001924F1810_9700_N6852020D0008_9700,N0001924F1810,2561664.0,2561664.0,2024-06-26,2024,Department of Defense,Department of the Navy,DT36SFDAMXJ1,DELAWARE RESOURCE GROUP OF OKLAHOMA LLC,"DELAWARE RESOURCE GROUP OF OKLAHOMA, LLC",CRAVEN,NC,NORTH CAROLINA,DELIVERY ORDER,MQ-9 FRSI LABOR,336411,AIRCRAFT MANUFACTURING,FULL AND OPEN COMPETITION AFTER EXCLUSION OF SOURCES,SMALL BUSINESS SET ASIDE - TOTAL,5.0,True,"DELAWARE RESOURCE GROUP OF OKLAHOMA, LLC"
CONT_AWD_N0002422F6200_9700_N0002421D6200_9700,N0002422F6200,1635401.08,1635401.08,2021-11-03,2022,Department of Defense,Department of the Navy,PN69XPUMA243,"AEROVIRONMENT, INC.","AEROVIRONMENT, INC.",VENTURA,CA,CALIFORNIA,DELIVERY ORDER,BLACKWING 10C UAV - YEAR 1,336411,AIRCRAFT MANUFACTURING,NOT COMPETED,,,True,"AEROVIRONMENT, INC"
CONT_AWD_N0002422F6213_9700_N0002421D6200_9700,N0002422F6213,2328932.4,2328932.4,2022-09-27,2022,Department of Defense,Department of the Navy,PN69XPUMA243,"AEROVIRONMENT, INC.","AEROVIRONMENT, INC.",VENTURA,CA,CALIFORNIA,DELIVERY ORDER,BLACKWING 10C UAV - YEAR 2,336411,AIRCRAFT MANUFACTURING,NOT COMPETED,,,True,"AEROVIRONMENT, INC"
CONT_AWD_N0002423F6227_9700_N0002421D6200_9700,N0002423F6227,1051411.5,1051411.5,2023-04-24,2023,Department of Defense,Department of the Navy,PN69XPUMA243,"AEROVIRONMENT, INC.","AEROVIRONMENT, INC",VENTURA,CA,CALIFORNIA,DELIVERY ORDER,BLACKWING 10C UAV - YEAR 2,336411,AIRCRAFT MANUFACTURING,NOT COMPETED,,,True,"AEROVIRONMENT, INC"
CONT_AWD_N0016422FJ015_9700_N0016417DJT09_9700,N0016422FJ015,2065690.0,2065690.0,2021-12-16,2022,Department of Defense,Department of the Navy,P1LMDHFJSYH7,"CACI AZURE SUMMIT TECHNOLOGY, LLC","CACI AZURE SUMMIT TECHNOLOGY, LLC",FAIRFAX,VA,VIRGINIA,DELIVERY ORDER,"PRODUCTION - PROCUREMENT OF MOTHERBOARDS AND TUNER MODULES AND BOARD STACK INTEGRATION IN SUPPORT OF PERSISTENT MARITIME UNMANNED AIRCRAFT SYSTEMS, PMA-262 REPAIRS AND INTEGRATION IN SUPPORT OF EP AND NUWC PMA-290",334511,"SEARCH, DETECTION, NAVIGATION, GUIDANCE, AERONAUTICAL, AND NAUTICAL SYSTEM AND INSTRUMENT MANUFACTURING",NOT AVAILABLE FOR COMPETITION,,,True,"CACI AZURE SUMMIT TECHNOLOGY, LLC"
CONT_AWD_N0016425FJ051_9700_N0016425GJR96_9700,N0016425FJ051,3088674.0,3088674.0,2025-04-02,2025,Department of Defense,Department of the Navy,L11HMGGGWD46,"PLATFORM SYSTEMS, INCORPORATED","SABRE SYSTEMS, INC.",SAINT MARYS,MD,MARYLAND,DELIVERY ORDER,VANILLA LE-UAS,336411,AIRCRAFT MANUFACTURING,NOT COMPETED,NO SET ASIDE USED.,1.0,True,"SABRE SYSTEMS, INC"
CONT_AWD_N6660423FM301_9700_N6660423DM300_9700,N6660423FM301,622382.8,622382.8,2023-08-23,2023,Department of Defense,Department of the Navy,RHGSJAGCFK95,"MAYFLOWER COMMUNICATIONS COMPANY, INC.","MAYFLOWER COMMUNICATIONS COMPANY, INC.",NEWPORT,RI,RHODE ISLAND,DELIVERY ORDER,CONTROLLED RECEPTION PATTERN ANT (CRPAS),334511,"SEARCH, DETECTION, NAVIGATION, GUIDANCE, AERONAUTICAL, AND NAUTICAL SYSTEM AND INSTRUMENT MANUFACTURING",COMPETED UNDER SAP,,,True,"MAYFLOWER COMMUNICATIONS COMPANY, INC"
CONT_AWD_W31P4Q22F0073_9700_W31P4Q20D0032_9700,W31P4Q22F0073,2488527.89,2488527.89,2022-02-07,2022,Department of Defense,Department of the Army,DC9UXK381JR5,SRC INC,SRC INC,ONONDAGA,NY,NEW YORK,DELIVERY ORDER,"THIS REQUIREMENT IS TO PROVIDE ENGINEERING AND RECORD TEST SUPPORT FOR THE THE C-UAS FIXED SITE LOW, SLOW, SMALL UNMANNED AERIAL VEHICLE INTEGRATED DEFEAT SYSTEM (FS-LIDS) MANAGED BY THE INTEGRATED FIRES/RAPID CAPABILITIES OFFICE (IF/RCO)",334511,"SEARCH, DETECTION, NAVIGATION, GUIDANCE, AERONAUTICAL, AND NAUTICAL SYSTEM AND INSTRUMENT MANUFACTURING",NOT COMPETED,,,True,SRC INC
CONT_AWD_W31P4Q22F0151_9700_W31P4Q20D0032_9700,W31P4Q22F0151,17898387.52,17898387.52,2022-05-20,2022,Department of Defense,Department of the Army,DC9UXK381JR5,SRC INC,SRC INC,ONONDAGA,NY,NEW YORK,DELIVERY ORDER,"HIS REQUIREMENT IS TO PROVIDE A NEW TASK ORDER FOR THE PURCHASE OF C-UAS FS-LIDS HARDWARE SYSTEMS IN SUPPORT OF THE C-UAS FIXED SITE LOW, SLOW, SMALL UNMANNED AERIAL VEHICLE INTEGRATED DEFEAT SYSTEM (FS-LIDS) CONTRACT W31P4Q-20-D-0032.",334511,"SEARCH, DETECTION, NAVIGATION, GUIDANCE, AERONAUTICAL, AND NAUTICAL SYSTEM AND INSTRUMENT MANUFACTURING",NOT COMPETED,,,True,SRC INC
CONT_AWD_W31P4Q22F0152_9700_W31P4Q20D0032_9700,W31P4Q22F0152,15219331.53,15219331.53,2022-05-20,2022,Department of Defense,Department of the Army,DC9UXK381JR5,SRC INC,SRC INC,ONONDAGA,NY,NEW YORK,DELIVERY ORDER,"THIS REQUIREMENT IS TO PROVIDE A NEW TASK ORDER FOR THE PURCHASE OF C-UAS FS-LIDS HARDWARE SYSTEMS IN SUPPORT OF THE C-UAS FIXED SITE LOW, SLOW, SMALL UNMANNED AERIAL VEHICLE INTEGRATED DEFEAT SYSTEM (FS-LIDS) CONTRACT W31P4Q-20-D-0032",334511,"SEARCH, DETECTION, NAVIGATION, GUIDANCE, AERONAUTICAL, AND NAUTICAL SYSTEM AND INSTRUMENT MANUFACTURING",NOT COMPETED,,,True,SRC INC
CONT_AWD_W31P4Q22F0160_9700_W31P4Q20D0032_9700,W31P4Q22F0160,2320976.5,2320976.5,2022-05-24,2022,Department of Defense,Department of the Army,DC9UXK381JR5,SRC INC,SRC INC,ONONDAGA,NY,NEW YORK,DELIVERY ORDER,"THIS REQUIREMENT IS TO PROVIDE A NEW TASK ORDER FOR THE PURCHASE OF C-UAS FS-LIDS HARDWARE SYSTEMS IN SUPPORT OF THE C-UAS FIXED SITE LOW, SLOW, SMALL UNMANNED AERIAL VEHICLE INTEGRATED DEFEAT SYSTEM (FS-LIDS) CONTRACT W31P4Q-20-D-0032.",334511,"SEARCH, DETECTION, NAVIGATION, GUIDANCE, AERONAUTICAL, AND NAUTICAL SYSTEM AND INSTRUMENT MANUFACTURING",NOT COMPETED,,,True,SRC INC
CONT_AWD_W31P4Q22F0165_9700_W31P4Q20D0032_9700,W31P4Q22F0165,3633793.67,3633793.67,2022-06-29,2022,Department of Defense,Department of the Army,DC9UXK381JR5,SRC INC,SRC INC,ONONDAGA,NY,NEW YORK,DELIVERY ORDER,THE PURPOSE OF THIS TASK ORDER W31P4Q22F0165 TO CONTRACT W31P4Q-20-D-0032 IS TO PROVIDE C-UAS FS-LIDS INITIAL FIELDING SPARES OP 1 IN ACCORDANCE WITH ATTACHMENT 0006 - LIDS HARDWARE UNIT RANGE PRICING.,334511,"SEARCH, DETECTION, NAVIGATION, GUIDANCE, AERONAUTICAL, AND NAUTICAL SYSTEM AND INSTRUMENT MANUFACTURING",NOT COMPETED,,,True,SRC INC
CONT_AWD_W31P4Q22F0195_9700_W31P4Q20D0031_9700,W31P4Q22F0195,24132124.69,24132124.69,2022-07-27,2022,Department of Defense,Department of the Army,FG7HKV9NTDK5,"DRS SUSTAINMENT SYSTEMS, INC",LEONARDO S.P.A.,LOS ANGELES,CA,CALIFORNIA,DELIVERY ORDER,"THIS CONTRACT IS FOR MOBILE, LOW, SLOW UNMANNED AIRCRAFT INTEGRATED DEFENSE SYSTEM CONTRACTOR LOGISTICS SUPPORT (TASK ORDER 07)",334511,"SEARCH, DETECTION, NAVIGATION, GUIDANCE, AERONAUTICAL, AND NAUTICAL SYSTEM AND INSTRUMENT MANUFACTURING",NOT COMPETED,,,True,LEONARDO S.P.A
CONT_AWD_W31P4Q23F0102_9700_W31P4Q20D0031_9700,W31P4Q23F0102,26956247.64,26956247.64,2023-07-17,2023,Department of Defense,Department of the Army,FG7HKV9NTDK5,"DRS SUSTAINMENT SYSTEMS, INC",LEONARDO S.P.A.,LOS ANGELES,CA,CALIFORNIA,DELIVERY ORDER,"THIS TASK ORDER IS FOR THE MOBILE, LOW, SMALL, UNMANNED AERIAL SYSTEM INTEGRATED CONTRACT LOGISTICS SUPPORT (CLS)",334511,"SEARCH, DETECTION, NAVIGATION, GUIDANCE, AERONAUTICAL, AND NAUTICAL SYSTEM AND INSTRUMENT MANUFACTURING",NOT COMPETED,,,True,LEONARDO S.P.A
CONT_AWD_W31P4Q23F0130_9700_W31P4Q20D0031_9700,W31P4Q23F0130,23508801.0,23508801.0,2023-07-12,2023,Department of Defense,Department of the Army,FG7HKV9NTDK5,"DRS SUSTAINMENT SYSTEMS, INC",LEONARDO S.P.A.,SAINT LOUIS,MO,MISSOURI,DELIVERY ORDER,"THE TASK ORDER IS FOR THE MOBILE, LOW, SLOW, SMALL UNMANNED AERIAL SYSTEMS INTEGRATED DEFEAT SYSTEM ELECTRO OPTICAL/INFRARED STABILIZED SIGHT SYSTEM",334511,"SEARCH, DETECTION, NAVIGATION, GUIDANCE, AERONAUTICAL, AND NAUTICAL SYSTEM AND INSTRUMENT MANUFACTURING",NOT COMPETED,,,True,LEONARDO S.P.A
CONT_AWD_W31P4Q23F0149_9700_W31P4Q20D0032_9700,W31P4Q23F0149,2705783.4,2705783.4,2023-04-17,2023,Department of Defense,Department of the Army,DC9UXK381JR5,SRC INC,SRC INC,ONONDAGA,NY,NEW YORK,DELIVERY ORDER,"THIS REQUIREMENT IS TO PROVIDE A NEW TASK ORDER FOR THE PURCHASE OF C-UAS FS-LIDS HARDWARE SYSTEMS IN SUPPORT OF THE C-UAS FIXED SITE LOW, SLOW, SMALL UNMANNED AERIAL VEHICLE INTEGRATED DEFEAT SYSTEM (FS-LIDS) CONTRACT W31P4Q-20-D-0032.",334511,"SEARCH, DETECTION, NAVIGATION, GUIDANCE, AERONAUTICAL, AND NAUTICAL SYSTEM AND INSTRUMENT MANUFACTURING",NOT COMPETED,,,True,SRC INC
CONT_AWD_W31P4Q23F0256_9700_W31P4Q20D0032_9700,W31P4Q23F0256,26851331.94,0.0,2023-08-30,2023,Department of Defense,Department of the Army,DC9UXK381JR5,SRC INC,SRC INC,ONONDAGA,NY,NEW YORK,DELIVERY ORDER,"C-UAS, E-LIDS, INC2 W/) MMR, PART NUMBER SRC7118 PURCHASE",334511,"SEARCH, DETECTION, NAVIGATION, GUIDANCE, AERONAUTICAL, AND NAUTICAL SYSTEM AND INSTRUMENT MANUFACTURING",NOT COMPETED,,,True,SRC INC
CONT_AWD_W31P4Q23F0311_9700_W31P4Q20D0032_9700,W31P4Q23F0311,4706230.04,4706230.04,2023-09-05,2023,Department of Defense,Department of the Army,DC9UXK381JR5,SRC INC,SRC INC,ONONDAGA,NY,NEW YORK,DELIVERY ORDER,"THIS REQUIREMENT IS TO PROVIDE A NEW TASK ORDER FOR THE PURCHASE OF C-UAS FS-LIDS HARDWARE SYSTEMS IN SUPPORT OF THE C-UAS FIXED SITE LOW, SLOW, SMALL UNMANNED AERIAL VEHICLE INTEGRATED DEFEAT SYSTEM (FS-LIDS) CONTRACT W31P4Q-20-D-0032.",334511,"SEARCH, DETECTION, NAVIGATION, GUIDANCE, AERONAUTICAL, AND NAUTICAL SYSTEM AND INSTRUMENT MANUFACTURING",NOT COMPETED,,,True,SRC INC
CONT_AWD_W31P4Q24F0045_9700_W31P4Q20D0031_9700,W31P4Q24F0045,7644007.36,7644007.36,2023-12-05,2024,Department of Defense,Department of the Army,FG7HKV9NTDK5,"DRS SUSTAINMENT SYSTEMS, INC",LEONARDO S.P.A.,SAINT LOUIS,MO,MISSOURI,DELIVERY ORDER,"THE INTEGRATED FIRES/RAPID CAPABILITY OFFICE (IF/RCO)  REQUIREMENT FOR THE MOBILE LOW, SLOW, SMALL COUNTER UNMANNED  AERIAL SYSTEM INTEGRATED DEFEAT SYSTEM.",334511,"SEARCH, DETECTION, NAVIGATION, GUIDANCE, AERONAUTICAL, AND NAUTICAL SYSTEM AND INSTRUMENT MANUFACTURING",NOT COMPETED,,,True,LEONARDO S.P.A
CONT_AWD_W31P4Q24F0063_9700_W31P4Q20D0032_9700,W31P4Q24F0063,3653069.64,3653069.64,2024-01-26,2024,Department of Defense,Department of the Army,DC9UXK381JR5,SRC INC,SRC INC,ONONDAGA,NY,NEW YORK,DELIVERY ORDER,"THIS REQUIREMENT IS TO PROVIDE A NEW TASK ORDER FOR THE PURCHASE OF C-UAS FS-LIDS HARDWARE SYSTEMS IN SUPPORT OF THE C-UAS FIXED SITE LOW, SLOW, SMALL UNMANNED AERIAL VEHICLE INTEGRATED DEFEAT SYSTEM (FS-LIDS) CONTRACT W31P4Q-20-D-0032",334511,"SEARCH, DETECTION, NAVIGATION, GUIDANCE, AERONAUTICAL, AND NAUTICAL SYSTEM AND INSTRUMENT MANUFACTURING",NOT COMPETED,,,True,SRC INC
CONT_AWD_W50RAJ22F0004_9700_47QSWA20D002F_4732,W50RAJ22F0004,659775.44,659775.44,2022-02-28,2022,Department of Defense,Department of the Army,GNGWXM39K171,"RED SIX SOLUTIONS, LLC","RED SIX SOLUTIONS, LLC",ANNE ARUNDEL,MD,MARYLAND,DELIVERY ORDER,JCO DEMO #3 TARGETS/PILOTS COUNTER UNMANNED AERIAL SYSTEMS,336411,AIRCRAFT MANUFACTURING,FULL AND OPEN COMPETITION,SERVICE DISABLED VETERAN OWNED SMALL BUSINESS SET-ASIDE,1.0,True,"RED SIX SOLUTIONS, LLC"
CONT_AWD_W50RAJ22F0018_9700_47QSWA20D002F_4732,W50RAJ22F0018,1017477.56,1017477.56,2022-06-14,2022,Department of Defense,Department of the Army,GNGWXM39K171,"RED SIX SOLUTIONS, LLC","RED SIX SOLUTIONS, LLC",ANNE ARUNDEL,MD,MARYLAND,DELIVERY ORDER,UNMANNED AERIAL SYSTEMS PILOTS AND TARGETS,336411,AIRCRAFT MANUFACTURING,FULL AND OPEN COMPETITION,SERVICE DISABLED VETERAN OWNED SMALL BUSINESS SET-ASIDE,1.0,True,"RED SIX SOLUTIONS, LLC"
CONT_AWD_W50RAJ23F0003_9700_47QSWA20D002F_4732,W50RAJ23F0003,2962265.37,2962265.37,2022-12-02,2023,Department of Defense,Department of the Army,GNGWXM39K171,"RED SIX SOLUTIONS, LLC","RED SIX SOLUTIONS, LLC",ANNE ARUNDEL,MD,MARYLAND,DELIVERY ORDER,UNMANNED AERIAL SYSTEMS PILOTS AND TARGETS,336411,AIRCRAFT MANUFACTURING,FULL AND OPEN COMPETITION,SERVICE DISABLED VETERAN OWNED SMALL BUSINESS SET-ASIDE,1.0,True,"RED SIX SOLUTIONS, LLC"
CONT_AWD_W50RAJ24F0001_9700_47QSWA20D002F_4732,W50RAJ24F0001,2724738.75,2724738.75,2023-12-29,2024,Department of Defense,Department of the Army,GNGWXM39K171,"RED SIX SOLUTIONS, LLC","RED SIX SOLUTIONS, LLC",DONA ANA,NM,NEW MEXICO,DELIVERY ORDER,"UAS PILOT 2024 MATERIALS, LABOR, AND TRAVEL",336411,AIRCRAFT MANUFACTURING,FULL AND OPEN COMPETITION,SERVICE DISABLED VETERAN OWNED SMALL BUSINESS SET-ASIDE,1.0,True,"RED SIX SOLUTIONS, LLC"
CONT_AWD_W51AA125P0058_9700_-NONE-_-NONE-,W51AA125P0058,1364988.38,1364988.38,2025-07-23,2025,Department of Defense,Department of the Army,CWE8BSAB21Y9,ORQA INC,ORQA INC,ALAMEDA,CA,CALIFORNIA,PURCHASE ORDER,DRONE COMPONENT KITS AND TECHNICAL SUPPORT PACKAGE,336411,AIRCRAFT MANUFACTURING,NOT COMPETED UNDER SAP,NO SET ASIDE USED.,1.0,True,ORQA INC
CONT_AWD_W58RGZ22C0021_9700_-NONE-_-NONE-,W58RGZ22C0021,6172242.4,6172242.4,2022-01-21,2022,Department of Defense,Department of the Army,YJG1MDHLBC88,"AEROVIRONMENT, INC.","AEROVIRONMENT, INC.",ARLINGTON,VA,VIRGINIA,DEFINITIVE CONTRACT,PROCUREMENT OF PUMA LE,336411,AIRCRAFT MANUFACTURING,NOT AVAILABLE FOR COMPETITION,NO SET ASIDE USED.,1.0,True,"AEROVIRONMENT, INC"
CONT_AWD_W58RGZ22C0023_9700_-NONE-_-NONE-,W58RGZ22C0023,35991165.56,8541428.43,2022-01-27,2022,Department of Defense,Department of the Army,MWKWXVSSC518,"AEROVIRONMENT, INC","AEROVIRONMENT, INC",ARLINGTON,VA,VIRGINIA,DEFINITIVE CONTRACT,FMS UZBEKISTAN PUMA AE3.,336411,AIRCRAFT MANUFACTURING,NOT AVAILABLE FOR COMPETITION,NO SET ASIDE USED.,1.0,True,"AEROVIRONMENT, INC"
CONT_AWD_W58RGZ22C0045_9700_-NONE-_-NONE-,W58RGZ22C0045,24931578.5,24673716.25,2022-04-12,2022,Department of Defense,Department of the Army,MWKWXVSSC518,"AEROVIRONMENT, INC","AEROVIRONMENT, INC.",VENTURA,CA,CALIFORNIA,DEFINITIVE CONTRACT,RQ-20B PUMA SYSTEMS WITH ASSOCIATED HARDWARE AND NET TRAINING IN SUPPORT OF UKRAINE,336411,AIRCRAFT MANUFACTURING,NOT AVAILABLE FOR COMPETITION,NO SET ASIDE USED.,1.0,True,"AEROVIRONMENT, INC"
CONT_AWD_W58RGZ22C0062_9700_-NONE-_-NONE-,W58RGZ22C0062,9627523.96,0.0,2022-06-30,2022,Department of Defense,Department of the Army,MWKWXVSSC518,"AEROVIRONMENT, INC","AEROVIRONMENT, INC.",VENTURA,CA,CALIFORNIA,DEFINITIVE CONTRACT,PROCUREMENT OF PUMA AE 3,336411,AIRCRAFT MANUFACTURING,NOT AVAILABLE FOR COMPETITION,NO SET ASIDE USED.,1.0,True,"AEROVIRONMENT, INC"
CONT_AWD_W58RGZ22C0064_9700_-NONE-_-NONE-,W58RGZ22C0064,2379650.32,0.0,2022-08-02,2022,Department of Defense,Department of the Army,MWKWXVSSC518,"AEROVIRONMENT, INC","AEROVIRONMENT, INC.",VENTURA,CA,CALIFORNIA,DEFINITIVE CONTRACT,PROCUREMENT OF PUMA AE 3 SYSTEMS.,336411,AIRCRAFT MANUFACTURING,NOT COMPETED,NO SET ASIDE USED.,1.0,True,"AEROVIRONMENT, INC"
CONT_AWD_W58RGZ22C0067_9700_-NONE-_-NONE-,W58RGZ22C0067,2361824.0,1180912.0,2022-09-26,2022,Department of Defense,Department of the Army,MWKWXVSSC518,"AEROVIRONMENT, INC","AEROVIRONMENT, INC.",VENTURA,CA,CALIFORNIA,DEFINITIVE CONTRACT,PROCUREMENT OF PUMA AE 3.,336411,AIRCRAFT MANUFACTURING,NOT AVAILABLE FOR COMPETITION,NO SET ASIDE USED.,1.0,True,"AEROVIRONMENT, INC"
CONT_AWD_W58RGZ22C0071_9700_-NONE-_-NONE-,W58RGZ22C0071,7650531.25,7650531.25,2022-09-26,2022,Department of Defense,Department of the Army,MWKWXVSSC518,"AEROVIRONMENT, INC","AEROVIRONMENT, INC",VENTURA,CA,CALIFORNIA,DEFINITIVE CONTRACT,PUMA DRONE CONTRACT LOGISTICS SUPPORT IN THE PHILIPPINES,336411,AIRCRAFT MANUFACTURING,FULL AND OPEN COMPETITION,NO SET ASIDE USED.,1.0,True,"AEROVIRONMENT, INC"
CONT_AWD_W58RGZ23C0007_9700_-NONE-_-NONE-,W58RGZ23C0007,323054027.34,0.0,2022-11-09,2023,Department of Defense,Department of the Army,MWKWXVSSC518,"AEROVIRONMENT, INC","AEROVIRONMENT, INC",VENTURA,CA,CALIFORNIA,DEFINITIVE CONTRACT,UKRAINE RQ-20B ALL ENVIRONMENT (AE) 3 AND LONG ENDURANCE (LE) PUMA UNMANNED AIRCRAFT SYSTEMS (UAS) ACCESSORIES AND SERVICES IN SUPPORT OF,336411,AIRCRAFT MANUFACTURING,NOT AVAILABLE FOR COMPETITION,NO SET ASIDE USED.,1.0,True,"AEROVIRONMENT, INC"
CONT_AWD_W58RGZ23C0039_9700_-NONE-_-NONE-,W58RGZ23C0039,18415152.93,18415152.93,2023-07-21,2023,Department of Defense,Department of the Army,MWKWXVSSC518,"AEROVIRONMENT, INC","AEROVIRONMENT, INC",VENTURA,CA,CALIFORNIA,DEFINITIVE CONTRACT,"(11) SYSTEM, TOP, C-CODE, M3/M4/M6 NON-NATO, PAL, RSTA, I45, PUMA AE 3 (11) ASSY, TACTICAL LAUNCHER, BASIC, PUMA AE II (11) ASSY, UNIT ISP, DDL, I45, PUMA AE 3",336411,AIRCRAFT MANUFACTURING,NOT AVAILABLE FOR COMPETITION,NO SET ASIDE USED.,1.0,True,"AEROVIRONMENT, INC"
CONT_AWD_W58RGZ23C0040_9700_-NONE-_-NONE-,W58RGZ23C0040,4282913.09,4282913.09,2023-07-21,2023,Department of Defense,Department of the Army,MWKWXVSSC518,"AEROVIRONMENT, INC","AEROVIRONMENT, INC",VENTURA,CA,CALIFORNIA,DEFINITIVE CONTRACT,"TO PROCURE TWO (2) COMMERCIAL PUMA UNMANNED AIRCRAFT SYSTEMS AND SPARES TO INCLUDE CONTRACTOR LOGISTICS SUPPORT, FOR THE COUNTRY OF COSTA RICA.",336411,AIRCRAFT MANUFACTURING,FULL AND OPEN COMPETITION AFTER EXCLUSION OF SOURCES,NO SET ASIDE USED.,1.0,True,"AEROVIRONMENT, INC"
CONT_AWD_W900KK25FA096_9700_W900KK23D0015_9700,W900KK25FA096,6252872.44,6252872.44,2025-07-02,2025,Department of Defense,Department of the Army,GURMFDFLENX4,"KRATOS UNMANNED AERIAL SYSTEMS, INC","KRATOS UNMANNED AERIAL SYSTEMS, INC",OTERO,NM,NEW MEXICO,DELIVERY ORDER,"TO PROVIDE ACCREDITED, THREAT REPRESENTATIVE UNMANNED AERIAL TARGET SYSTEMS FOR USE IN SENSOR PRESENTATIONS OR LIVE FIRE TRACKING AND ENGAGEMENT FOR WEAPON SYSTEMS TESTING.",336411,AIRCRAFT MANUFACTURING,NOT COMPETED,,,True,"KRATOS UNMANNED AERIAL SYSTEMS, INC"
CONT_AWD_W900KK25FA098_9700_W900KK24D0028_9700,W900KK25FA098,1859192.79,1859192.79,2025-06-26,2025,Department of Defense,Department of the Army,LL8SH4DDJSK6,"AEVEX AEROSPACE, LLC","AEVEX AEROSPACE, LLC",SAN DIEGO,CA,CALIFORNIA,DELIVERY ORDER,DELIVERY ORDER FOR SMALL UNMANNED AERIAL COUNTER SYSTEMS.,336411,AIRCRAFT MANUFACTURING,FULL AND OPEN COMPETITION,,2.0,True,"AEVEX AEROSPACE, LLC"
CONT_AWD_W911QX22C0012_9700_-NONE-_-NONE-,W911QX22C0012,5830873.43,5861966.0,2022-02-28,2022,Department of Defense,Department of the Army,N5QUZAYGPKM3,BELL TEXTRON INC,TEXTRON INC,TARRANT,TX,TEXAS,DEFINITIVE CONTRACT,HYBRID-ELECTRIC UAS VEHICLE DESIGN,336411,AIRCRAFT MANUFACTURING,FULL AND OPEN COMPETITION,NO SET ASIDE USED.,999.0,True,TEXTRON INC
CONT_AWD_W911QY22F0094_9700_W911QY18D0192_9700,W911QY22F0094,1892974.2,1892974.2,2022-03-25,2022,Department of Defense,Department of the Army,YJG1MDHLBC88,"AEROVIRONMENT, INC.","AEROVIRONMENT, INC.",LOS ANGELES,CA,CALIFORNIA,DELIVERY ORDER,FAMILY OF SMALL UNMANNED AIRCRAFT SYSTEMS (FOSUAS) PRODUCTS CONTRACT. SPARE AND REPAIR DOMAIN FOR RAVEN (RQ-11B) AND PUMA (RQ-20A).,336411,AIRCRAFT MANUFACTURING,FULL AND OPEN COMPETITION AFTER EXCLUSION OF SOURCES,,1.0,True,"AEROVIRONMENT, INC"
CONT_AWD_W911QY22F0105_9700_W911QY18D0192_9700,W911QY22F0105,1081939.73,1081939.73,2022-03-23,2022,Department of Defense,Department of the Army,YJG1MDHLBC88,"AEROVIRONMENT, INC.","AEROVIRONMENT, INC.",LOS ANGELES,CA,CALIFORNIA,DELIVERY ORDER,AEROVIRONMENT (AV) FAMILY OF SMALL UNMANNED AIRCRAFT SYSTEMS (FOSUAS) PRODUCTS CONTRACT GIMBAL PAYLOAD,336411,AIRCRAFT MANUFACTURING,FULL AND OPEN COMPETITION AFTER EXCLUSION OF SOURCES,,1.0,True,"AEROVIRONMENT, INC"
CONT_AWD_W911QY22F0107_9700_W911QY18D0192_9700,W911QY22F0107,1736617.6,1736617.6,2022-03-29,2022,Department of Defense,Department of the Army,YJG1MDHLBC88,"AEROVIRONMENT, INC.","AEROVIRONMENT, INC.",LOS ANGELES,CA,CALIFORNIA,DELIVERY ORDER,FAMILY OF SMALL UNMANNED AIRCRAFT SYSTEMS (FOSUAS) PRODUCTS CONTRACT. SPARE AND REPAIR DOMAIN FOR RAVEN (RQ-11B) AND PUMA (RQ-20A).,336411,AIRCRAFT MANUFACTURING,FULL AND OPEN COMPETITION AFTER EXCLUSION OF SOURCES,,1.0,True,"AEROVIRONMENT, INC"
CONT_AWD_W911QY22F0119_9700_W911QY18D0192_9700,W911QY22F0119,1486504.18,1486504.18,2022-03-30,2022,Department of Defense,Department of the Army,YJG1MDHLBC88,"AEROVIRONMENT, INC.","AEROVIRONMENT, INC.",LOS ANGELES,CA,CALIFORNIA,DELIVERY ORDER,AEROVIRONMENT (AV) FAMILY OF SMALL UNMANNED AIRCRAFT SYSTEMS (FOSUAS) PRODUCTS CONTRACT GIMBAL PAYLOAD,336411,AIRCRAFT MANUFACTURING,FULL AND OPEN COMPETITION AFTER EXCLUSION OF SOURCES,,1.0,True,"AEROVIRONMENT, INC"
CONT_AWD_W911QY22F0189_9700_W911QY18D0192_9700,W911QY22F0189,1107817.27,1107817.27,2022-07-11,2022,Department of Defense,Department of the Army,YJG1MDHLBC88,"AEROVIRONMENT, INC.","AEROVIRONMENT, INC.",LOS ANGELES,CA,CALIFORNIA,DELIVERY ORDER,AEROVIRONMENT (AV) FAMILY OF SMALL UNMANNED AIRCRAFT SYSTEMS (FOSUAS) PRODUCTS CONTRACT: SPARE AND REPAIR PARTS FOR RQ-11B AND RQ-20A DOMAIN,336411,AIRCRAFT MANUFACTURING,FULL AND OPEN COMPETITION AFTER EXCLUSION OF SOURCES,,1.0,True,"AEROVIRONMENT, INC"
CONT_AWD_W911QY22F0242_9700_W911QY18D0192_9700,W911QY22F0242,2780192.22,2780192.22,2022-07-13,2022,Department of Defense,Department of the Army,YJG1MDHLBC88,"AEROVIRONMENT, INC.","AEROVIRONMENT, INC.",LOS ANGELES,CA,CALIFORNIA,DELIVERY ORDER,AEROVIRONMENT (AV) FAMILY OF SMALL UNMANNED AIRCRAFT SYSTEMS (FOSUAS) PRODUCTS CONTRACT: OTHER MAJOR COMPONENTS DOMAIN: LINE REPLACEABLE UNITS (LRUS) 20,336411,AIRCRAFT MANUFACTURING,FULL AND OPEN COMPETITION AFTER EXCLUSION OF SOURCES,,1.0,True,"AEROVIRONMENT, INC"
CONT_AWD_W911QY22F0341_9700_W911QY18D0192_9700,W911QY22F0341,378414.62,378414.62,2022-09-21,2022,Department of Defense,Department of the Army,YJG1MDHLBC88,"AEROVIRONMENT, INC.","AEROVIRONMENT, INC.",LOS ANGELES,CA,CALIFORNIA,DELIVERY ORDER,"FULL SPECTRUM OF SMALL UNMANNED AIRCRAFT SYSTEM (UAS) AND PARTS REQUIRED TO SUPPORT THE TACTICAL UAS PRODUCT OFFICE IN THE CONTINENTAL UNITED STATES AND OUTSIDE CONTINENTAL UNITED STATE, AS WELL AS ITS DOMESTIC AND FOREIGN CUSTOMERS.",336411,AIRCRAFT MANUFACTURING,FULL AND OPEN COMPETITION AFTER EXCLUSION OF SOURCES,,9.0,True,"AEROVIRONMENT, INC"
CONT_AWD_W911QY23F00A7_9700_W911QY18D0192_9700,W911QY23F00A7,944127.67,944127.67,2023-04-10,2023,Department of Defense,Department of the Army,YJG1MDHLBC88,"AEROVIRONMENT, INC.","AEROVIRONMENT, INC.",LOS ANGELES,CA,CALIFORNIA,DELIVERY ORDER,PUMA LRU 23,336411,AIRCRAFT MANUFACTURING,FULL AND OPEN COMPETITION AFTER EXCLUSION OF SOURCES,,1.0,True,"AEROVIRONMENT, INC"
CONT_AWD_W911QY23F0135_9700_W911QY18D0192_9700,W911QY23F0135,2910935.15,2910935.15,2023-04-12,2023,Department of Defense,Department of the Army,YJG1MDHLBC88,"AEROVIRONMENT, INC.","AEROVIRONMENT, INC.",LOS ANGELES,CA,CALIFORNIA,DELIVERY ORDER,SMALL UNMANNED AIRCRAFT SYSTEMS PARTS UNDER THE SUAS SYSTEMS AND PARTS IDIQ CONTRACT ARE NEEDED TO REPLENISH THE REPAIR PARTS INVENTORY TO ENSURE UNINTERRUPTED SUSTAINMENT OF THE SUAS FLEET.,336411,AIRCRAFT MANUFACTURING,FULL AND OPEN COMPETITION AFTER EXCLUSION OF SOURCES,,9.0,True,"AEROVIRONMENT, INC"
CONT_AWD_W911QY23F0139_9700_W911QY18D0192_9700,W911QY23F0139,473540.2,473540.2,2023-04-13,2023,Department of Defense,Department of the Army,YJG1MDHLBC88,"AEROVIRONMENT, INC.","AEROVIRONMENT, INC.",LOS ANGELES,CA,CALIFORNIA,DELIVERY ORDER,SMALL UNMANNED AIRCRAFT SYSTEMS PARTS UNDER THE SUAS SYSTEMS AND PARTS IDIQ CONTRACT ARE NEEDED TO REPLENISH THE REPAIR PARTS INVENTORY TO ENSURE UNINTERRUPTED SUSTAINMENT OF THE SUAS FLEET.,336411,AIRCRAFT MANUFACTURING,FULL AND OPEN COMPETITION AFTER EXCLUSION OF SOURCES,,9.0,True,"AEROVIRONMENT, INC"
CONT_AWD_W911S723P0050_9700_-NONE-_-NONE-,W911S723P0050,606045.03,606045.03,2023-09-29,2023,Department of Defense,Department of the Army,VN5DYE5D4EG6,TRIGENT SOLUTIONS INC,TRIGENT SOLUTIONS INC,HARDIN,KY,KENTUCKY,PURCHASE ORDER,DRONE BUNDLES WITH ADDITONAL PARTS,336411,AIRCRAFT MANUFACTURING,NOT AVAILABLE FOR COMPETITION,8(A) SOLE SOURCE,1.0,True,TRIGENT SOLUTIONS INC
CONT_AWD_W91CRB25F0067_9700_W91CRB24D0011_9700,W91CRB25F0067,55484704.02,55484704.02,2024-12-16,2025,Department of Defense,Department of the Army,MWKWXVSSC518,"AEROVIRONMENT, INC","AEROVIRONMENT, INC",VENTURA,CA,CALIFORNIA,DELIVERY ORDER,"DELIVERY ORDER TO PURCHASE 330 SWITCHBLADE 600 ALL-UP ROUNDS WITH SELECTIVE AVAILABILITY ANTI-SPOOFING MODULE, COLOR-TAN.",336411,AIRCRAFT MANUFACTURING,NOT COMPETED,,,True,"AEROVIRONMENT, INC"
CONT_AWD_W91CRB25F0094_9700_W91CRB24D0011_9700,W91CRB25F0094,218119135.12,220119135.12,2025-01-17,2025,Department of Defense,Department of the Army,MWKWXVSSC518,"AEROVIRONMENT, INC","AEROVIRONMENT, INC",VENTURA,CA,CALIFORNIA,DELIVERY ORDER,"LOITERED MUNITIONS, SWITCHBLADE 300 AND 600 ALL UP ROUNDS",336411,AIRCRAFT MANUFACTURING,NOT COMPETED,,,True,"AEROVIRONMENT, INC"
CONT_AWD_W91CRB25F0148_9700_W91CRB24D0011_9700,W91CRB25F0148,4578266.2,5128266.2,2025-03-14,2025,Department of Defense,Department of the Army,MWKWXVSSC518,"AEROVIRONMENT, INC","AEROVIRONMENT, INC",VENTURA,CA,CALIFORNIA,DELIVERY ORDER,"LOITERED MUNITIONS - SWITCHBLADE 300 AND 600 ALL-UP-ROUNDS, PLUS SUPPORT EQUIPMENT, TRAINING, FOREIGN MILITARY SUPPORT AND LOT ACCEPTANCE TESTING.",336411,AIRCRAFT MANUFACTURING,NOT COMPETED,,,True,"AEROVIRONMENT, INC"
CONT_AWD_FA239625PB089_9700_-NONE-_-NONE-,FA239625PB089,1649880.0,1649880.0,2025-08-07,2025,Department of Defense,Department of the Air Force,PUT4KUNBLDS5,"SRCTEC, LLC","SRCTEC, LLC",GREENE,OH,OHIO,PURCHASE ORDER,"AFRL/DO REQUIRES A RADAR SENSOR THAT SUPPORTS SITUATIONAL AWARENESS OF BOTH SMALL UNMANNED AERIAL SYSTEMS (SUAS) AND LARGE UAS, AS WELL AS MANNED AIR TRAFFIC, TO ENHANCE FLIGHT TEST OPERATIONS AT THE SKYVISION TEST SITE.",334511,"SEARCH, DETECTION, NAVIGATION, GUIDANCE, AERONAUTICAL, AND NAUTICAL SYSTEM AND INSTRUMENT MANUFACTURING",COMPETED UNDER SAP,NO SET ASIDE USED.,6.0,True,"SRCTEC, LLC"
CONT_AWD_N6133125F0129_9700_N6133125D1001_9700,N6133125F0129,2579436.0,2895697.0,2025-08-11,2025,Department of Defense,Department of the Navy,WN18KN7KQLG9,"HII UNMANNED SYSTEMS, INC","HII UNMANNED SYSTEMS, INC",BARNSTABLE,MA,MASSACHUSETTS,DELIVERY ORDER,"SERVICES FOR TROUBLESHOOTING, MAINTENANCE, REPAIR, OPERATIONAL, TECHNICAL AND DEPOT LEVEL SUPPORT FOR THE MK18 UNMANNED UNDERWATER VEHICLE FAMILY OF SYSTEMS PER THE IDIQ BASIC IN SUPPORT OF PMS-408. REFERENCE QUOTE #A-2025-189, DATED 25 JUNE 2025.",334511,"SEARCH, DETECTION, NAVIGATION, GUIDANCE, AERONAUTICAL, AND NAUTICAL SYSTEM AND INSTRUMENT MANUFACTURING",NOT COMPETED,,,True,"HII UNMANNED SYSTEMS, INC"
CONT_AWD_W50RAJ25C0004_9700_-NONE-_-NONE-,W50RAJ25C0004,250000.0,250000.0,2025-08-13,2025,Department of Defense,Department of the Army,TBW7MGPYURM7,"AXON ENTERPRISE, INC.","AXON ENTERPRISE, INC.",FAIRFAX,VA,VIRGINIA,DEFINITIVE CONTRACT,JCO DEMO 6 PRIZE MONEY-DEDRONE,334511,"SEARCH, DETECTION, NAVIGATION, GUIDANCE, AERONAUTICAL, AND NAUTICAL SYSTEM AND INSTRUMENT MANUFACTURING",FULL AND OPEN COMPETITION,NO SET ASIDE USED.,47.0,True,"AXON ENTERPRISE, INC"
CONT_AWD_H9227725FE012_9700_H9227725DE001_9700,H9227725FE012,1260250.0,1330000.0,2025-08-14,2025,Department of Defense,U.S. Special Operations Command,X16VPBRQ3959,DEEP ELEMENT TECHNOLOGIES,DEEP ELEMENT TECHNOLOGIES,,,,DELIVERY ORDER,PURPOSE: DEEP ELEMENT RAZE AND SARAB DRONE SYSTEMS H9227725DE001POP: 01 AUG 25 TO 31 JUL 26,336411,AIRCRAFT MANUFACTURING,NOT COMPETED,,,True,DEEP ELEMENT TECHNOLOGIES
CONT_AWD_W911S725PA012_9700_-NONE-_-NONE-,W911S725PA012,326218.32,326218.32,2025-08-19,2025,Department of Defense,Department of the Army,LTBJCLHYL5S9,"SKYDIO, INC","SKYDIO, INC",PULASKI,MO,MISSOURI,PURCHASE ORDER,PURCHASE 18 SKYDIO X2D DRONE,336411,AIRCRAFT MANUFACTURING,NOT COMPETED,NO SET ASIDE USED.,1.0,True,"SKYDIO, INC"
CONT_AWD_FA239625PB103_9700_-NONE-_-NONE-,FA239625PB103,565000.0,565000.0,2025-08-22,2025,Department of Defense,Department of the Air Force,JQ5AQAEPBHA7,LIGHTHOUSE AVIONICS INC.,LIGHTHOUSE AVIONICS INC.,GREENE,OH,OHIO,PURCHASE ORDER,"AFRL/DO REQUIRES A CAMERA ARRAY SYSTEM TO ENHANCE SITUATIONAL AWARENESS AND SUPPORT FLIGHT TEST OPERATIONS FOR MONITORING SMALL UNMANNED AERIAL SYSTEMS (SUAS), LARGE UAS, AND MANNED AIRCRAFT AT THE SKYVISION TEST SITE.",334511,"SEARCH, DETECTION, NAVIGATION, GUIDANCE, AERONAUTICAL, AND NAUTICAL SYSTEM AND INSTRUMENT MANUFACTURING",COMPETED UNDER SAP,SMALL BUSINESS SET ASIDE - TOTAL,7.0,True,LIGHTHOUSE AVIONICS INC
CONT_AWD_N0016425FJ608_9700_N0016425GJR96_9700,N0016425FJ608,39596289.0,39596289.0,2025-08-25,2025,Department of Defense,Department of the Navy,L11HMGGGWD46,"PLATFORM SYSTEMS, INCORPORATED","SABRE SYSTEMS, INC.",SAINT MARYS,MD,MARYLAND,DELIVERY ORDER,VANILLA UAS AND ASSOCIATED EQUIPMENT AND TRAINING,336411,AIRCRAFT MANUFACTURING,NOT COMPETED,NO SET ASIDE USED.,1.0,True,"SABRE SYSTEMS, INC"
CONT_AWD_FA852725F0007_9700_FA852724D0034_9700,FA852725F0007,2602119.0,2602119.0,2025-08-27,2025,Department of Defense,Department of the Air Force,JEGFV3LWEJH7,"L3HARRIS TECHNOLOGIES, INC.","L3HARRIS TECHNOLOGIES, INC",MONROE,NY,NEW YORK,DELIVERY ORDER,ENTERPRISE IMAGE QUALITY VERIFICATION PROGRAM (EIQVP) GLOBAL HAWK (GH),334511,"SEARCH, DETECTION, NAVIGATION, GUIDANCE, AERONAUTICAL, AND NAUTICAL SYSTEM AND INSTRUMENT MANUFACTURING",NOT COMPETED,,,True,"L3HARRIS TECHNOLOGIES, INC"
CONT_AWD_FA485525P0060_9700_-NONE-_-NONE-,FA485525P0060,297500.0,297500.0,2025-08-29,2025,Department of Defense,Department of the Air Force,JC6XP8B7EC51,"NEROS, INC.","NEROS, INC.",CURRY,NM,NEW MEXICO,PURCHASE ORDER,"GROUP 1 UAS MODULAR PAYLOAD (SWAPPABLE BATTERIES, CAMERAS, ENGINES, FCG) UNDER 10 LBS QUAD ROTOR (SWAPPABLE) NO PROPRIETARY SYSTEMS THAT WILL STOP CHANGES IN FIELD CONTROLLERS SENSORS SPARE PARTS KITS BATTERY PACKS GOGGLES",336411,AIRCRAFT MANUFACTURING,NOT COMPETED,NO SET ASIDE USED.,1.0,True,"NEROS, INC"
CONT_AWD_H9224025PE045_9700_-NONE-_-NONE-,H9224025PE045,503000.0,503000.0,2025-08-29,2025,Department of Defense,U.S. Special Operations Command,JC6XP8B7EC51,"NEROS, INC.","NEROS, INC.",LOS ANGELES,CA,CALIFORNIA,PURCHASE ORDER,NEROS ARCHER UAS FIRST PERSON VIEW,336411,AIRCRAFT MANUFACTURING,NOT COMPETED UNDER SAP,NO SET ASIDE USED.,1.0,True,"NEROS, INC"
CONT_AWD_FA868925FB010_9700_FA868925DB001_9700,FA868925FB010,210272291.37,1273933354.89,2025-09-08,2025,Department of Defense,Department of the Air Force,ZH4NVFG3Z526,"GENERAL ATOMICS AERONAUTICAL SYSTEMS, INC.","GENERAL ATOMICS AERONAUTICAL SYSTEMS, INC.",SAN DIEGO,CA,CALIFORNIA,DELIVERY ORDER,IRIS DELIVERY ORDER (DO) 1 FOR INDIA MQ-9B FMS,336411,AIRCRAFT MANUFACTURING,NOT AVAILABLE FOR COMPETITION,,,True,"GENERAL ATOMICS AERONAUTICAL SYSTEMS, INC"
CONT_AWD_N6660425P0618_9700_-NONE-_-NONE-,N6660425P0618,5100000.0,5100000.0,2025-09-09,2025,Department of Defense,Department of the Navy,DVCCRKABAQX4,C2 ROBOTICS PTY LTD,C2 ROBOTICS PTY LTD,,,,PURCHASE ORDER,"SPEARTOOTH LARGE UNMANNED UNDERWATER VEHICLES, SPARES KITS, BATTERY PACKS.",334511,"SEARCH, DETECTION, NAVIGATION, GUIDANCE, AERONAUTICAL, AND NAUTICAL SYSTEM AND INSTRUMENT MANUFACTURING",NOT COMPETED UNDER SAP,NO SET ASIDE USED.,1.0,True,C2 ROBOTICS PTY LTD
CONT_AWD_W31P4Q25F0260_9700_W31P4Q20D0032_9700,W31P4Q25F0260,2438727.75,2438727.25,2025-09-10,2025,Department of Defense,Department of the Army,DC9UXK381JR5,SRC INC,SRC INC,ONONDAGA,NY,NEW YORK,DELIVERY ORDER,"PROCURE SPARES FOR LATVIA IN SUPPORT OF THE BALTICS INTEGRATED AIR AND MISSILE DEFENSE (IAMD) OF THE CUAS FIXED SITE LOW, SLOW, SMALL UNMANNED AERIAL VEHICLE INTEGRATED DEFEAT SYSTEM (FS LIDS) PROGRAM.",334511,"SEARCH, DETECTION, NAVIGATION, GUIDANCE, AERONAUTICAL, AND NAUTICAL SYSTEM AND INSTRUMENT MANUFACTURING",NOT COMPETED,,,True,SRC INC
CONT_AWD_FA448425P0043_9700_-NONE-_-NONE-,FA448425P0043,254883.17,254883.17,2025-09-12,2025,Department of Defense,Department of the Air Force,GJMSFBCNMSK3,"ATLANTIC DIVING SUPPLY, INC.","ATLANTIC DIVING SUPPLY, INC.",BURLINGTON,NJ,NEW JERSEY,PURCHASE ORDER,DRONES AND DOCKING SYSTEM.,336411,AIRCRAFT MANUFACTURING,COMPETED UNDER SAP,SMALL BUSINESS SET ASIDE - TOTAL,6.0,True,"ATLANTIC DIVING SUPPLY, INC"
CONT_AWD_W911S225FA239_9700_W911S225AA090_9700,W911S225FA239,267500.0,267500.0,2025-09-16,2025,Department of Defense,Department of the Army,JC6XP8B7EC51,"NEROS, INC.","NEROS, INC.",CHATTAHOOCHEE,GA,GEORGIA,BPA CALL,S2P2: UAS SOLICITATION # W911S225U1782,336411,AIRCRAFT MANUFACTURING,COMPETED UNDER SAP,SMALL BUSINESS SET ASIDE - TOTAL,1.0,True,"NEROS, INC"
CONT_AWD_H9240225FE005_9700_H9240221D0001_9700,H9240225FE005,6078888.0,6078888.0,2025-09-17,2025,Department of Defense,U.S. Special Operations Command,ZKE9UNL1NYF3,L3HARRIS NEXGEN COMMUNICATIONS LLC,"L3HARRIS TECHNOLOGIES, INC",LOUDOUN,VA,VIRGINIA,DELIVERY ORDER,CUAS SAM A-KITS,334511,"SEARCH, DETECTION, NAVIGATION, GUIDANCE, AERONAUTICAL, AND NAUTICAL SYSTEM AND INSTRUMENT MANUFACTURING",FULL AND OPEN COMPETITION,,,True,"L3HARRIS TECHNOLOGIES, INC"
CONT_AWD_N6133125F0185_9700_N6133125D1001_9700,N6133125F0185,383151.12,383151.12,2025-09-19,2025,Department of Defense,Department of the Navy,WN18KN7KQLG9,"HII UNMANNED SYSTEMS, INC","HII UNMANNED SYSTEMS, INC",BARNSTABLE,MA,MASSACHUSETTS,DELIVERY ORDER,MK18 UNMANNED UNDERWATER VEHICLE SYSTEM PARTS PURCHASE.,334511,"SEARCH, DETECTION, NAVIGATION, GUIDANCE, AERONAUTICAL, AND NAUTICAL SYSTEM AND INSTRUMENT MANUFACTURING",NOT COMPETED,,,True,"HII UNMANNED SYSTEMS, INC"
CONT_AWD_W912D025PA012_9700_-NONE-_-NONE-,W912D025PA012,329564.25,329564.25,2025-09-19,2025,Department of Defense,Department of the Army,TENRPZGMAGJ6,W S DARLEY & CO,W S DARLEY & CO,ANCHORAGE,AK,ALASKA,PURCHASE ORDER,"11TH AIRBORNE DIVISION G3, JBER IS REQUESTING PARROT ANAFI UKR SMALL UAS ACQUISITION (DRONES) FOR ARMY MISSION SUCCESS",336411,AIRCRAFT MANUFACTURING,COMPETED UNDER SAP,SMALL BUSINESS SET ASIDE - TOTAL,4.0,True,W S DARLEY & CO
CONT_AWD_FA700025P0082_9700_-NONE-_-NONE-,FA700025P0082,699998.2,699998.2,2025-09-23,2025,Department of Defense,Department of the Air Force,Y8N8G7DG3928,"ASTRIUM, INC.","ASTRIUM, INC.",JEFFERSON,CO,COLORADO,PURCHASE ORDER,THIS EFFORT IS TO SUCCESSFULLY DEVELOP AND DEMONSTRATE A SOLAR-POWERED SMALL UNMANNED AIRCRAFT SYSTEM (SUAS) ELECTRONIC WARFARE (EW) PLATFORM.,336411,AIRCRAFT MANUFACTURING,FULL AND OPEN COMPETITION,NO SET ASIDE USED.,1.0,True,"ASTRIUM, INC"
CONT_AWD_N0001925P1000_9700_-NONE-_-NONE-,N0001925P1000,1480410.0,1480410.0,2025-09-22,2025,Department of Defense,Department of the Navy,XLXNP2L8TM65,"REDWIRE DEFENSE TECH SLO, LLC","REDWIRE DEFENSE TECH SLO, LLC",SAN LUIS OBISPO,CA,CALIFORNIA,PURCHASE ORDER,"THE PURPOSE OF THIS PURCHASE ORDER IS TO PROCURE A VXE30 STALKER UNMANNED AERIAL VEHICLE (UAV), ASSOCIATED HARDWARE, AND TRAINING IN SUPPORT OF THE GUYANA DEFENCE FORCE, FOREIGN MILITARY SALES (FMS) CASE GU-P-LAG.",336411,AIRCRAFT MANUFACTURING,NOT COMPETED UNDER SAP,NO SET ASIDE USED.,1.0,True,"REDWIRE DEFENSE TECH SLO, LLC"
CONT_AWD_W911S225FA246_9700_W911S225AA095_9700,W911S225FA246,2670615.0,2670615.0,2025-09-22,2025,Department of Defense,Department of the Army,S115PZ54S9M6,PERFORMANCE DRONE WORKS LLC,PERFORMANCE DRONE WORKS LLC,CHATTAHOOCHEE,GA,GEORGIA,BPA CALL,S2P2: UAS - SOLICITATION# W911S225U1585,336411,AIRCRAFT MANUFACTURING,COMPETED UNDER SAP,SMALL BUSINESS SET ASIDE - TOTAL,2.0,True,PERFORMANCE DRONE WORKS LLC
CONT_AWD_W911S225FA248_9700_W911S225AA086_9700,W911S225FA248,799675.0,799675.0,2025-09-22,2025,Department of Defense,Department of the Army,DC8ZNTAB4AE7,"VANTAGE ROBOTICS, INC.",VANTAGE ROBOTICS  INC.,ALAMEDA,CA,CALIFORNIA,BPA CALL,S2P2: UAS SOLICITATION W911S225U1826,336411,AIRCRAFT MANUFACTURING,COMPETED UNDER SAP,SMALL BUSINESS SET ASIDE - TOTAL,3.0,True,VANTAGE ROBOTICS  INC
CONT_AWD_FA701425C0048_9700_-NONE-_-NONE-,FA701425C0048,300000.0,300000.0,2025-09-24,2025,Department of Defense,Department of the Air Force,MNPRJQED9SQ9,CASTALIA SYSTEMS LLC,CASTALIA SYSTEMS LLC,PRINCE GEORGES,MD,MARYLAND,DEFINITIVE CONTRACT,PKA-WESTON-WOODS-C-SUAS DETECTION SERVICES FOR JBA AND JBAB,334511,"SEARCH, DETECTION, NAVIGATION, GUIDANCE, AERONAUTICAL, AND NAUTICAL SYSTEM AND INSTRUMENT MANUFACTURING",COMPETED UNDER SAP,SMALL BUSINESS SET ASIDE - TOTAL,11.0,True,CASTALIA SYSTEMS LLC
CONT_AWD_FA228025C0010_9700_-NONE-_-NONE-,FA228025C0010,4725000.0,4725000.0,2025-09-26,2025,Department of Defense,Department of the Air Force,U719HNLEESB3,EPISYS SCIENCE INC,EPISYS SCIENCE INC,GREENE,OH,OHIO,DEFINITIVE CONTRACT,EPISYS UNMANNED AERIAL VEHICLE KITS SMALL BUSINESS INNOVATION RESEARCH PHASE III,334511,"SEARCH, DETECTION, NAVIGATION, GUIDANCE, AERONAUTICAL, AND NAUTICAL SYSTEM AND INSTRUMENT MANUFACTURING",NOT AVAILABLE FOR COMPETITION,NO SET ASIDE USED.,2.0,True,EPISYS SCIENCE INC
CONT_AWD_FA282325P0117_9700_-NONE-_-NONE-,FA282325P0117,1172933.92,1172933.92,2025-09-29,2025,Department of Defense,Department of the Air Force,LKJEXKMNX1K3,DETECT INC,"DETECT, INC.",OKALOOSA,FL,FLORIDA,PURCHASE ORDER,"PURCHASE AND LEASE OF BIRD, DRONE, AND MARITIME SURVEILLANCE SYSTEMS",334511,"SEARCH, DETECTION, NAVIGATION, GUIDANCE, AERONAUTICAL, AND NAUTICAL SYSTEM AND INSTRUMENT MANUFACTURING",COMPETED UNDER SAP,SMALL BUSINESS SET ASIDE - TOTAL,2.0,True,"DETECT, INC"
CONT_AWD_FA700025F0180_9700_GS07F0426X_4732,FA700025F0180,716182.45,716182.45,2025-09-30,2025,Department of Defense,Department of the Air Force,SLPYAA7K9619,DUNCAN-PARNELL INC,DUNCAN-PARNELL INC,MECKLENBURG,NC,NORTH CAROLINA,DELIVERY ORDER,"SMALL UNMANNED AIRCRAFT SYSTEMS (SUAS), COMPONENTS AND TRAINING",334511,"SEARCH, DETECTION, NAVIGATION, GUIDANCE, AERONAUTICAL, AND NAUTICAL SYSTEM AND INSTRUMENT MANUFACTURING",FULL AND OPEN COMPETITION,SMALL BUSINESS SET ASIDE - TOTAL,1.0,True,DUNCAN-PARNELL INC
CONT_AWD_FA700025P0127_9700_-NONE-_-NONE-,FA700025P0127,750000.0,750000.0,2025-09-30,2025,Department of Defense,Department of the Air Force,P22FX2MVJZL1,TEAL DRONES INC,TEAL DRONES INC,EL PASO,CO,COLORADO,PURCHASE ORDER,74 TEAL 2 DRONES FOR USAFA/A3,336411,AIRCRAFT MANUFACTURING,COMPETED UNDER SAP,SMALL BUSINESS SET ASIDE - TOTAL,4.0,True,TEAL DRONES INC
CONT_AWD_W31P4Q22F0201_9700_W31P4Q20D0032_9700,W31P4Q22F0201,45741518.9,45741518.9,2022-07-20,2022,Department of Defense,Defense Contract Management Agency,DC9UXK381JR5,SRC INC,SRC INC,ONONDAGA,NY,NEW YORK,DELIVERY ORDER,"CONTRACTOR LOGISTICS SUPPORT (CLS), AND PROGRAMMATIC ACTIVITIES IN SUPPORT OF THE C-UAS FIXED SITE LOW, SLOW, SMALL UNMANNED AERIAL VEHICLE INTEGRATED DEFEAT SYSTEM (FS-LIDS) MANAGED BY THE INTEGRATED FIRES/RAPID CAPABILITIES OFFICE (IF/RCO)",334511,"SEARCH, DETECTION, NAVIGATION, GUIDANCE, AERONAUTICAL, AND NAUTICAL SYSTEM AND INSTRUMENT MANUFACTURING",NOT COMPETED,,,True,SRC INC
CONT_AWD_W31P4Q23F0053_9700_W31P4Q20D0032_9700,W31P4Q23F0053,37955286.45,37955286.45,2022-12-06,2023,Department of Defense,Department of the Army,DC9UXK381JR5,SRC INC,SRC INC,ONONDAGA,NY,NEW YORK,DELIVERY ORDER,"THIS REQUIREMENT IS TO PROVIDE A NEW TASK ORDER FOR THE PURCHASE OF C-UAS FS-LIDS HARDWARE SYSTEMS IN SUPPORT OF THE C-UAS FIXED SITE LOW, SLOW, SMALL UNMANNED AERIAL VEHICLE INTEGRATED DEFEAT SYSTEM (FS-LIDS) CONTRACT W31P4Q-20-D-0032.",334511,"SEARCH, DETECTION, NAVIGATION, GUIDANCE, AERONAUTICAL, AND NAUTICAL SYSTEM AND INSTRUMENT MANUFACTURING",NOT COMPETED,,,True,SRC INC
CONT_AWD_W31P4Q23F0081_9700_W31P4Q20D0032_9700,W31P4Q23F0081,3409967.46,3480967.46,2023-02-17,2023,Department of Defense,Defense Contract Management Agency,DC9UXK381JR5,SRC INC,SRC INC,ONONDAGA,NY,NEW YORK,DELIVERY ORDER,"PROVIDE ENGINEERING SUPPORT FOR ENHANCEMENTS FOR THE C-UAS FIXED SITE LOW, SLOW, SMALL UNMANNED AERIAL VEHICLE INTEGRATED DEFEAT SYSTEM (FS-LIDS) MANAGED BY THE INTEGRATED FIRES/RAPID CAPABILITIES OFFICE (IF/RCO) PROJECT DIRECTORATE (PD).",334511,"SEARCH, DETECTION, NAVIGATION, GUIDANCE, AERONAUTICAL, AND NAUTICAL SYSTEM AND INSTRUMENT MANUFACTURING",NOT COMPETED,,,True,SRC INC
CONT_AWD_W31P4Q23F0231_9700_W31P4Q20D0032_9700,W31P4Q23F0231,67016437.8,67016437.8,2023-08-30,2023,Department of Defense,Department of the Army,DC9UXK381JR5,SRC INC,SRC INC,ONONDAGA,NY,NEW YORK,DELIVERY ORDER,"PROVIDE ENGINEERING SUPPORT FOR ENHANCEMENTS FOR THE C-UAS FIXED SITE LOW, SLOW, SMALL UNMANNED AERIAL VEHICLE INTEGRATED DEFEAT SYSTEM (FS-LIDS) MANAGED BY THE INTEGRATED FIRES/RAPID CAPABILITIES OFFICE (IF/RCO) PROJECT DIRECTORATE (PD).",334511,"SEARCH, DETECTION, NAVIGATION, GUIDANCE, AERONAUTICAL, AND NAUTICAL SYSTEM AND INSTRUMENT MANUFACTURING",NOT COMPETED,,,True,SRC INC
CONT_AWD_W31P4Q24F0060_9700_W31P4Q20D0032_9700,W31P4Q24F0060,9789467.96,9789467.96,2024-02-09,2024,Department of Defense,Department of the Army,DC9UXK381JR5,SRC INC,SRC INC,ONONDAGA,NY,NEW YORK,DELIVERY ORDER,"THIS REQUIREMENT IS TO PROVIDE A NEW TASK ORDER FOR THE PURCHASE OF C-UAS FS-LIDS HARDWARE SYSTEMS IN SUPPORT OF THE C-UAS FIXED SITE LOW, SLOW, SMALL UNMANNED AERIAL VEHICLE INTEGRATED DEFEAT SYSTEM (FS-LIDS) CONTRACT W31P4Q-20-D-0032.",334511,"SEARCH, DETECTION, NAVIGATION, GUIDANCE, AERONAUTICAL, AND NAUTICAL SYSTEM AND INSTRUMENT MANUFACTURING",NOT COMPETED,,,True,SRC INC
CONT_AWD_W31P4Q24F0096_9700_W31P4Q20D0032_9700,W31P4Q24F0096,3920368.01,3920368.01,2024-03-15,2024,Department of Defense,Department of the Army,DC9UXK381JR5,SRC INC,SRC INC,ONONDAGA,NY,NEW YORK,DELIVERY ORDER,"PROVIDE ENGINEERING SUPPORT FOR ENHANCEMENTS FOR THE C-UAS FIXED SITE LOW, SLOW, SMALL UNMANNED AERIAL VEHICLE INTEGRATED DEFEAT SYSTEM (FS-LIDS)",334511,"SEARCH, DETECTION, NAVIGATION, GUIDANCE, AERONAUTICAL, AND NAUTICAL SYSTEM AND INSTRUMENT MANUFACTURING",NOT COMPETED,,,True,SRC INC
CONT_AWD_W31P4Q25F0111_9700_W31P4Q20D0032_9700,W31P4Q25F0111,2423489.75,2423489.75,2025-05-01,2025,Department of Defense,Department of the Army,DC9UXK381JR5,SRC INC,SRC INC,ONONDAGA,NY,NEW YORK,DELIVERY ORDER,"PROVIDE A NEW TASK ORDER FOR THE PURCHASE OF C-UAS FS-LIDS HARDWARE SYSTEMS IN SUPPORT OF THE C-UAS FIXED SITE LOW, SLOW, SMALL UNMANNED AERIAL VEHICLE INTEGRATED DEFEAT SYSTEM (FS-LIDS)",334511,"SEARCH, DETECTION, NAVIGATION, GUIDANCE, AERONAUTICAL, AND NAUTICAL SYSTEM AND INSTRUMENT MANUFACTURING",NOT COMPETED,,,True,SRC INC
CONT_AWD_W31P4Q25F0208_9700_W31P4Q20D0032_9700,W31P4Q25F0208,4077868.07,4077868.07,2025-08-07,2025,Department of Defense,Department of the Army,DC9UXK381JR5,SRC INC,SRC INC,ONONDAGA,NY,NEW YORK,DELIVERY ORDER,"PROCUREMENT OF FIXED-SITE LOW, SLOW, SMALL UNMANNED AIRCRAFT SYSTEM INTEGRATED DEFEAT SYSTEM (FS-LIDS) HEAVY SYSTEMS.",334511,"SEARCH, DETECTION, NAVIGATION, GUIDANCE, AERONAUTICAL, AND NAUTICAL SYSTEM AND INSTRUMENT MANUFACTURING",NOT COMPETED,,,True,SRC INC
CONT_AWD_W58RGZ22C0055_9700_-NONE-_-NONE-,W58RGZ22C0055,3726375.56,3726375.56,2022-05-17,2022,Department of Defense,Department of the Army,ZVG6XCZMY1H6,"ARCTURUS UAV, INC","AEROVIRONMENT, INC.",SONOMA,CA,CALIFORNIA,DEFINITIVE CONTRACT,UKRAINE FUTURE TACTICAL UNMANNED AIRCRAFT SYSTEM (FTUAS) HAS A REQUIREMENT TO BRING A SET OF GOVERNMENT OWNED JUMP 20 SYSTEMS TO FULLY MISSION CAPABLE STATUS.,336411,AIRCRAFT MANUFACTURING,NOT COMPETED,NO SET ASIDE USED.,1.0,True,"AEROVIRONMENT, INC"
CONT_AWD_W58RGZ24C0041_9700_-NONE-_-NONE-,W58RGZ24C0041,11555439.2,5777719.6,2024-09-06,2024,Department of Defense,Department of the Army,MWKWXVSSC518,"AEROVIRONMENT, INC","AEROVIRONMENT, INC",VENTURA,CA,CALIFORNIA,DEFINITIVE CONTRACT,"THIS REQUIREMENT IS TO DELIVER PUMAS, SPARES, AND ACCESSORIES IN SUPPORT OF IRAQ.",336411,AIRCRAFT MANUFACTURING,NOT COMPETED,NO SET ASIDE USED.,1.0,True,"AEROVIRONMENT, INC"
CONT_AWD_W58RGZ25C0026_9700_-NONE-_-NONE-,W58RGZ25C0026,5350738.39,5350738.39,2025-09-11,2025,Department of Defense,Department of the Army,MWKWXVSSC518,"AEROVIRONMENT, INC","AEROVIRONMENT, INC",VENTURA,CA,CALIFORNIA,DEFINITIVE CONTRACT,UAV IN SUPPORT OF TUNSISA,336411,AIRCRAFT MANUFACTURING,COMPETED UNDER SAP,NO SET ASIDE USED.,1.0,True,"AEROVIRONMENT, INC"
CONT_AWD_W58RGZ25C0028_9700_-NONE-_-NONE-,W58RGZ25C0028,4493037.69,4493037.69,2025-09-11,2025,Department of Defense,Department of the Army,MWKWXVSSC518,"AEROVIRONMENT, INC","AEROVIRONMENT, INC",VENTURA,CA,CALIFORNIA,DEFINITIVE CONTRACT,UAS PUMA FOR KAZAKHSTAN,336411,AIRCRAFT MANUFACTURING,NOT AVAILABLE FOR COMPETITION,NO SET ASIDE USED.,1.0,True,"AEROVIRONMENT, INC"
